1565450288455,1.0192,1.8424,9.5942,-0.0988,0.2508,-0.1596,175,-8,546,35.7615483333,139.81454,1.35335890739
1565450288468,1.0388,1.8424,9.6628,0.0228,-0.1672,-0.798,174,-5,553,35.7615483333,139.81454,1.35335890739
1565450288482,1.029,1.8816,9.6138,0.1064,-0.038,0.0608,174,-5,553,35.7615483333,139.81454,1.35335890739
1565450288497,0.9212,1.7542,9.653,0.076,-0.1672,-0.3192,174,-5,553,35.7615483333,139.81454,1.35335890739
1565450288517,0.98,1.8424,9.5452,0.1672,0.2812,0.1748,174,-5,553,35.7615483333,139.81454,1.35335890739
1565450288531,0.882,1.8424,9.5354,-0.3572,-0.0684,0.1824,174,-5,553,35.7615483333,139.81454,1.35335890739
1565450288546,1.029,1.8522,9.653,-0.0304,0.0608,-0.0912,174,-5,553,35.7615483333,139.81454,1.35335890739
1565450288597,0.9996,1.813,9.4864,0.0152,0.0684,0.2508,153,-15,544,35.7615483333,139.81454,1.59162664683
1565450288611,0.9996,1.8522,9.6824,-0.0228,0.2964,-0.038,153,-15,544,35.7615483333,139.81454,1.59162664683
1565450288624,0.98,1.8522,9.5746,-0.0608,-0.1216,0.418,153,-15,544,35.7615483333,139.81454,1.59162664683
1565450288639,1.0192,1.9502,9.6138,0.0912,0.0608,0.2356,153,-15,544,35.7615483333,139.81454,1.59162664683
1565450288653,0.9604,1.8326,9.653,-0.5244,0.2204,-0.4788,153,-15,544,35.7615483333,139.81454,1.48459075312
1565450288667,1.0192,1.8816,9.5844,-0.342,-0.4636,0.0912,162,0,557,35.7615483333,139.81454,1.48459075312
1565450288681,0.9506,1.7934,9.3884,0.0228,0.038,0.0912,162,0,557,35.7615483333,139.81454,1.48459075312
1565450288700,0.9506,1.9012,9.5648,0.2052,-0.1368,-0.152,162,0,557,35.7615483333,139.81454,1.48459075312
1565450288755,0.9996,1.8228,9.604,0.076,0.0456,0.1824,162,0,557,35.7615483333,139.81454,1.52321322352
1565450288769,1.0094,1.7836,9.4766,-0.1216,-0.4788,0.6916,159,-3,550,35.7615483333,139.81454,1.52321322352
1565450288783,1.0192,1.8522,9.6138,0.1444,0.3876,0.2812,159,-3,550,35.7615483333,139.81454,1.52321322352
1565450288797,1.0094,1.8816,9.5746,-0.0684,0.0456,0.228,159,-3,550,35.7615483333,139.81454,1.52321322352
1565450288811,1.0094,1.813,9.653,0.4864,-0.2888,0.5092,159,-3,550,35.7615483333,139.81454,1.52321322352
1565450288825,0.9604,1.9208,9.5648,-0.3192,0.0836,0.3268,159,-3,550,35.7615483333,139.81454,1.52321322352
1565450288840,0.9408,1.8424,9.5648,-0.228,0.076,0.2736,159,-3,550,35.7615483333,139.81454,1.52321322352
1565450288853,0.9996,1.7934,9.5452,0.2128,-0.1368,0.0228,170,-21,552,35.7615483333,139.81454,1.42478406908
1565450288918,0.9604,1.9404,9.604,0.0304,-0.1216,0.6156,170,-21,552,35.7615483333,139.81454,1.42478406908
1565450288931,0.9996,1.911,9.4668,0.0912,-0.418,-0.0912,170,-21,552,35.7615483333,139.81454,1.42478406908
1565450288946,0.9898,1.911,9.5158,-0.076,0.304,0.266,170,-21,552,35.7615483333,139.81454,1.42478406908
1565450288960,0.9114,1.7346,9.4962,-0.152,0.1824,0.5092,177,-20,549,35.7615483333,139.81454,1.35632462805
1565450288974,0.98,1.7934,9.653,-0.342,0.038,-0.1292,177,-20,549,35.7615483333,139.81454,1.35632462805
1565450288988,1.0094,1.8032,9.6138,-0.1292,0.456,-0.3268,177,-20,549,35.7615483333,139.81454,1.35632462805
1565450289003,0.9702,1.8718,9.5942,-0.1216,0.1976,-0.4788,177,-20,549,35.7615483333,139.81454,1.35632462805
1565450289022,0.9604,1.9306,9.653,0.1748,-0.0912,-0.4484,177,-20,549,35.7615483333,139.81454,1.35632462805
1565450289081,0.9898,1.7738,9.6236,-0.5092,-0.1216,0.2052,177,-20,549,35.7615483333,139.81454,1.38685287026
1565450289096,0.931,1.8718,9.7314,-0.1216,-0.3116,-0.3344,171,-5,546,35.7615483333,139.81454,1.38685287026
1565450289111,1.0094,1.9208,9.6138,0.2128,0.2432,0.4712,171,-5,546,35.7615483333,139.81454,1.38685287026
1565450289125,0.9702,1.8424,9.5354,-0.0836,-0.1748,0.0228,171,-5,546,35.7615483333,139.81454,1.38685287026
1565450289139,0.9506,1.8424,9.604,0.0456,0.0684,0.0456,171,-5,546,35.7615483333,139.81454,1.38685287026
1565450289153,0.9898,1.862,9.506,-0.3724,-0.0836,0.3192,166,0,550,35.7615483333,139.81454,1.43581957694
1565450289166,0.98,1.862,9.5844,-0.0304,0.2356,-0.4028,166,0,550,35.7615483333,139.81454,1.43581957694
1565450289180,1.0094,1.8032,9.6628,0.076,0.3192,0.4636,166,0,550,35.7615483333,139.81454,1.43581957694
1565450289237,0.9898,1.8718,9.702,-0.1368,0.3952,0.342,166,0,550,35.7615483333,139.81454,1.43581957694
1565450289252,1.029,1.8326,9.5942,-0.4788,0.0684,0.4408,158,7,557,35.7615483333,139.81454,1.53027797432
1565450289265,0.9702,1.8718,9.5256,-0.0304,0.1292,0.076,158,7,557,35.7615483333,139.81454,1.53027797432
1565450289279,0.9506,1.8228,9.4668,-0.2204,-0.2128,-0.1064,158,7,557,35.7615483333,139.81454,1.53027797432
1565450289292,0.8918,1.9012,9.5158,-0.0912,-0.038,-0.0684,158,7,557,35.7615483333,139.81454,1.53027797432
1565450289306,0.9898,1.7738,9.5844,-0.0988,-0.1748,-0.0304,158,7,557,35.7615483333,139.81454,1.53027797432
1565450289320,0.9996,1.813,9.604,-0.342,0.0228,0.1824,158,7,557,35.7615483333,139.81454,1.53027797432
1565450289333,0.9506,1.862,9.4962,-0.1064,-0.0912,-0.7828,158,7,557,35.7615483333,139.81454,1.53027797432
1565450289389,0.9898,1.764,9.604,0.5168,-0.2812,-0.1368,159,0,540,35.7615483333,139.81454,1.52145369454
1565450289405,0.9604,1.7836,9.4864,-0.0684,0.038,0.0076,159,0,540,35.7615483333,139.81454,1.52145369454
1565450289421,0.98,1.7542,9.653,-0.0988,0.4332,0.57,159,0,540,35.7615483333,139.81454,1.52145369454
1565450289436,1.0388,1.7542,9.5354,-0.19,0.4028,0.7144,159,0,540,35.7615483333,139.81454,1.52145369454
1565450289449,0.9506,1.8424,9.5942,0.3344,0.0228,-0.1216,152,-16,543,35.7615483333,139.81454,1.60171430636
1565450289463,0.98,1.813,9.5648,-0.1368,-0.9424,0.646,152,-16,543,35.7615483333,139.81454,1.60171430636
1565450289477,0.9114,1.813,9.5942,-0.0304,-0.38,-0.3192,152,-16,543,35.7615483333,139.81454,1.60171430636
1565450289547,1.0388,1.8326,9.5746,-0.228,0.1444,0.1444,152,-16,543,35.7615483333,139.81454,1.57079632679
1565450289561,1.0388,1.862,9.4766,0.0836,0.0,-0.6688,155,-17,554,35.7615483333,139.81454,1.57079632679
1565450289575,0.9212,1.8914,9.6628,0.0988,0.3952,0.6004,155,-17,554,35.7615483333,139.81454,1.57079632679
1565450289591,0.9996,1.9208,9.6334,-0.1368,-0.5244,0.1216,155,-17,554,35.7615483333,139.81454,1.57079632679
1565450289607,0.98,1.8718,9.6922,-0.304,0.1444,-0.1292,155,-17,554,35.7615483333,139.81454,1.57079632679
1565450289625,0.9898,1.8914,9.4374,0.4408,-0.304,0.0456,155,-17,554,35.7615483333,139.81454,1.57079632679
1565450289640,0.9898,1.8522,9.5844,-0.1368,-0.1216,0.6536,155,-17,554,35.7615483333,139.81454,1.57079632679
1565450289685,0.9898,1.8228,9.5942,0.57,0.3876,0.5396,163,-9,548,35.7615483333,139.81454,1.48214044493
1565450289699,0.9702,1.8032,9.4178,-0.4104,0.1748,-0.0684,163,-9,548,35.7615483333,139.81454,1.48214044493
1565450289713,0.9702,1.7934,9.702,0.0228,-0.228,-0.2432,163,-9,548,35.7615483333,139.81454,1.48214044493
1565450289727,0.9702,1.8816,9.6236,-0.0912,0.2204,-0.3724,163,-9,548,35.7615483333,139.81454,1.48214044493
1565450289741,0.9408,1.813,9.6236,-0.684,0.2508,0.0228,163,-9,558,35.7615483333,139.81454,1.59488805022
1565450289756,0.9212,1.8718,9.5942,-0.114,0.4028,-0.2052,153,-2,558,35.7615483333,139.81454,1.59488805022
1565450289770,1.0192,1.862,9.653,-0.19,-0.1748,-0.5396,153,-2,558,35.7615483333,139.81454,1.59488805022
1565450289789,1.0094,1.8816,9.4864,-0.0304,-0.3876,0.3572,153,-2,558,35.7615483333,139.81454,1.59488805022
1565450289824,1.0094,1.8326,9.4962,0.0152,-0.2356,0.0532,153,-2,558,35.7615483333,139.81454,1.59488805022
1565450289838,0.9506,1.7836,9.5746,-0.266,0.0456,0.1824,153,-2,558,35.7615483333,139.81454,1.31946854263
1565450289852,0.9702,1.8914,9.4374,0.342,-0.2356,0.152,174,7,549,35.7615483333,139.81454,1.31946854263
1565450289866,0.9996,1.911,9.5648,0.0228,-0.0228,-0.0684,174,7,549,35.7615483333,139.81454,1.31946854263
1565450289880,0.98,1.8228,9.6138,-0.5776,0.1292,0.19,174,7,549,35.7615483333,139.81454,1.31946854263
1565450289895,0.9408,1.8424,9.5942,0.076,-0.038,0.1672,174,7,549,35.7615483333,139.81454,1.31946854263
1565450289909,1.0486,1.8522,9.5844,0.0532,0.0304,0.1216,174,7,549,35.7615483333,139.81454,1.31946854263
1565450289923,0.931,1.862,9.4178,0.0076,-0.418,-0.038,174,7,549,35.7615483333,139.81454,1.31946854263
1565450289991,0.9702,1.8816,9.5746,0.3876,-0.2812,0.4256,170,-16,557,35.7615483333,139.81454,1.41737240522
1565450290007,0.9898,1.813,9.653,-0.0684,0.0228,0.266,170,-16,557,35.7615483333,139.81454,1.41737240522
1565450290021,0.9702,1.8228,9.457,0.3116,-0.2584,0.4028,170,-16,557,35.7615483333,139.81454,1.41737240522
1565450290035,0.9506,1.8032,9.555,-0.1368,0.1292,0.2356,170,-16,557,35.7615483333,139.81454,1.40743017869
1565450290049,0.9408,1.8228,9.3884,-0.304,-0.4408,0.19,172,-10,549,35.7615483333,139.81454,1.38611194671
1565450290063,1.0486,1.8718,9.5354,0.076,0.0912,-0.3344,172,-10,549,35.7615483333,139.81454,1.38611194671
1565450290078,0.8918,1.6954,9.5452,0.4864,0.2204,-0.3344,172,-10,549,35.7615483333,139.81454,1.38611194671
1565450290096,0.9408,1.4504,9.6432,0.304,-0.1216,0.0,172,-10,549,35.7615483333,139.81454,1.38611194671
1565450290146,0.98,1.7542,9.702,-0.1748,0.266,-0.5168,172,-10,549,35.7615483333,139.81454,1.50495755749
1565450290160,1.0976,2.1364,9.5452,-0.5548,0.0912,-0.7676,161,-10,541,35.7615483333,139.81454,1.50495755749
1565450290174,1.0094,1.9796,9.6432,0.2432,0.0076,0.0532,161,-10,541,35.7615483333,139.81454,1.50495755749
1565450290187,0.9506,2.1168,9.555,-0.1672,0.0532,0.7144,161,-10,541,35.7615483333,139.81454,1.50495755749
1565450290201,0.9408,1.8816,9.7118,-0.5016,0.2432,0.0152,161,-10,541,35.7615483333,139.81454,1.50495755749
1565450290214,1.1466,1.7444,9.506,-0.4864,-0.2204,-0.2508,161,-10,541,35.7615483333,139.81454,1.50495755749
1565450290228,1.1858,1.3034,9.5844,-0.5016,-0.2128,-0.0304,161,-10,541,35.7615483333,139.81454,1.50495755749
1565450290241,0.8232,1.0388,9.702,0.2128,-0.1216,0.0228,151,1,547,35.7615483333,139.81454,1.62075472252
1565450290297,0.7742,1.127,9.653,0.722,0.152,-0.3116,151,1,547,35.7615483333,139.81454,1.62075472252
1565450290310,0.8722,2.4892,9.6628,0.5168,0.0456,0.3572,151,1,547,35.7615483333,139.81454,1.62075472252
1565450290324,0.9212,2.499,9.6138,-0.2052,0.228,0.228,151,1,547,35.7615483333,139.81454,1.62075472252
1565450290337,1.0094,1.8914,9.653,-0.228,-0.114,-0.1444,154,-21,539,35.7615483333,139.81454,1.58059993427
1565450290351,0.9702,1.274,9.653,-0.4332,0.2508,-0.0228,154,-21,539,35.7615483333,139.81454,1.58059993427
1565450290365,0.8036,1.6072,9.261,-0.0684,-0.2128,0.2128,154,-21,539,35.7615483333,139.81454,1.58059993427
1565450290379,1.0584,1.4602,9.6628,0.1672,0.1672,-0.1748,154,-21,539,35.7615483333,139.81454,1.58059993427
1565450290392,0.9506,1.6072,9.4374,0.5396,-0.2508,-0.2812,154,-21,539,35.7615483333,139.81454,1.58059993427
1565450290450,0.931,1.6366,9.5354,0.4408,0.1824,0.0608,154,-21,539,35.7615483333,139.81454,1.5077222089
1565450290464,1.0094,2.1952,9.5844,-0.6308,-0.266,0.3648,161,-14,542,35.7615483333,139.81454,1.5077222089
1565450290478,1.029,1.9502,9.506,0.038,0.3268,0.2128,161,-14,542,35.7615483333,139.81454,1.5077222089
1565450290492,0.98,1.617,9.5354,-0.5776,-0.2964,0.1824,161,-14,542,35.7615483333,139.81454,1.5077222089
1565450290506,1.0486,1.4896,9.5452,0.0456,0.0456,0.2888,161,-14,542,35.7615483333,139.81454,1.5077222089
1565450290524,0.98,1.5288,9.5256,0.1672,-0.1672,0.4864,161,-14,542,35.7615483333,139.81454,1.5077222089
1565450290542,1.0486,1.8914,9.5452,0.2128,0.0228,-0.0836,153,-26,557,35.7615483333,139.81454,1.58948573924
1565450290608,1.0094,1.8914,9.4766,0.0152,-0.0684,0.4408,153,-26,557,35.7615483333,139.81454,1.58948573924
1565450290622,0.9996,1.7542,9.5256,0.418,-0.038,0.1216,153,-26,557,35.7615483333,139.81454,1.58948573924
1565450290636,1.0094,1.8424,9.4962,-0.114,-0.3344,0.0532,156,-6,545,35.7615483333,139.81454,1.55930258008
1565450290651,1.0388,2.0384,9.5158,-0.228,-0.076,0.3268,156,-6,545,35.7615483333,139.81454,1.55930258008
1565450290665,1.0192,2.0678,9.6334,0.2888,-0.0152,-0.228,156,-6,545,35.7615483333,139.81454,1.55930258008
1565450290680,1.0486,1.96,9.5354,-0.5852,0.266,0.5624,156,-6,545,35.7615483333,139.81454,1.55930258008
1565450290694,0.9408,1.7836,9.4864,-0.3268,-0.2508,-0.646,156,-6,545,35.7615483333,139.81454,1.55930258008
1565450290713,0.98,1.7248,9.4766,0.3116,0.1824,-0.2356,156,-6,545,35.7615483333,139.81454,1.55930258008
1565450290772,0.9996,1.813,9.5746,0.0532,-0.2204,-0.076,156,-6,545,35.7615483333,139.81454,1.50193983749
1565450290787,0.9898,1.9208,9.555,0.2204,0.0836,-0.1216,161,-6,562,35.7615483333,139.81454,1.50193983749
1565450290801,0.9408,1.8424,9.5158,-0.2204,-0.38,0.5244,161,-6,562,35.7615483333,139.81454,1.50193983749
1565450290816,1.0094,1.813,9.6922,0.1672,-0.38,-0.228,161,-6,562,35.7615483333,139.81454,1.50193983749
1565450290830,1.0682,1.862,9.5452,0.1672,-0.1976,0.4332,129,5,549,35.7615483333,139.81454,1.54448660954
1565450290845,0.9996,1.8718,9.3982,0.0988,-0.2736,0.1824,157,5,549,35.7615483333,139.81454,1.54448660954
1565450290859,0.9898,1.9306,9.653,0.4104,-0.5092,0.684,157,5,549,35.7615483333,139.81454,1.54448660954
1565450290877,0.9898,1.9306,9.5158,-0.0532,0.2736,0.5928,157,5,549,35.7615483333,139.81454,1.54448660954
1565450290942,0.9702,1.9012,9.5942,-0.0836,-0.0152,0.0988,157,5,549,35.7615483333,139.81454,1.5024099832
1565450290956,0.9996,1.8816,9.5844,0.3116,0.0076,0.1748,160,8,552,35.7615483333,139.81454,1.5024099832
1565450290971,1.029,1.8718,9.4668,0.4104,-0.0684,-0.0608,160,8,552,35.7615483333,139.81454,1.5024099832
1565450290984,1.0094,1.862,9.555,-0.3876,-0.0152,0.2888,160,8,552,35.7615483333,139.81454,1.5024099832
1565450290999,1.0094,1.9012,9.6334,0.2888,-0.5092,0.3952,160,8,552,35.7615483333,139.81454,1.5024099832
1565450291014,1.0584,1.9012,9.6824,0.266,-0.4104,-0.8284,160,8,552,35.7615483333,139.81454,1.5024099832
1565450291028,0.9604,1.8718,9.5158,0.114,0.5548,0.114,169,-8,549,35.7615483333,139.81454,1.41477148379
1565450291042,0.9604,1.862,9.5158,0.3648,-0.1672,-0.266,169,-8,549,35.7615483333,139.81454,1.41477148379
1565450291108,1.0094,1.8522,9.4668,0.3572,-0.2128,-0.038,169,-8,549,35.7615483333,139.81454,1.41477148379
1565450291123,1.0682,1.8816,9.5354,-0.5852,-0.0304,-0.4408,169,-8,549,35.7615483333,139.81454,1.73900309865
1565450291137,1.0486,1.9208,9.7314,-0.152,0.0836,-0.5396,158,-25,548,35.7615483333,139.81454,1.54250199295
1565450291150,1.0584,1.8816,9.4766,-0.3724,-0.5168,-0.228,158,-25,548,35.7615483333,139.81454,1.54250199295
1565450291164,0.9996,1.862,9.5354,0.2432,0.2204,-0.3344,158,-25,548,35.7615483333,139.81454,1.54250199295
1565450291178,0.9604,1.8424,9.702,0.038,-0.0684,1.1096,158,-25,548,35.7615483333,139.81454,1.54250199295
1565450291194,0.9996,1.96,9.5648,-0.1824,-0.1368,-0.0228,158,-25,548,35.7615483333,139.81454,1.54250199295
1565450291212,0.9702,1.8228,9.6138,0.1292,-0.038,0.4636,158,-25,548,35.7615483333,139.81454,1.54250199295
1565450291246,1.0094,1.8228,9.6334,-0.152,0.0228,0.2052,176,-14,542,35.7615483333,139.81454,1.35324220766
1565450291260,0.9506,1.8816,9.5256,0.1368,-0.228,0.6308,176,-14,542,35.7615483333,139.81454,1.35324220766
1565450291274,0.98,1.96,9.506,-0.4256,0.2812,0.2736,176,-14,542,35.7615483333,139.81454,1.35324220766
1565450291287,0.9702,1.7836,9.6138,0.1064,-0.1976,0.1292,176,-14,542,35.7615483333,139.81454,1.35324220766
1565450291301,1.0094,1.7738,9.702,-0.2584,0.1368,-0.1064,176,-14,542,35.7615483333,139.81454,1.35324220766
1565450291315,0.9506,1.6954,9.6334,-0.3724,-0.3344,0.5016,176,-14,542,35.7615483333,139.81454,1.35324220766
1565450291329,1.029,1.6856,9.5844,-0.0684,-0.4788,-0.1672,172,3,546,35.7615483333,139.81454,1.3562034453
1565450291342,1.0192,1.7934,9.6334,-0.1368,0.1292,-0.494,172,3,546,35.7615483333,139.81454,1.3562034453
1565450291397,1.029,1.8914,9.5648,-0.2432,0.3192,-0.2964,172,3,546,35.7615483333,139.81454,1.3562034453
1565450291412,0.9212,1.862,9.6236,-0.5548,-0.2736,0.2736,172,3,546,35.7615483333,139.81454,1.3562034453
1565450291426,1.029,1.7542,9.6824,-0.0608,0.3268,0.2204,161,3,552,35.7615483333,139.81454,1.49402443553
1565450291440,1.0192,1.813,9.4178,0.418,-0.0304,0.152,161,3,552,35.7615483333,139.81454,1.49402443553
1565450291458,0.9996,1.8326,9.5452,0.2128,-0.2128,0.1444,161,3,552,35.7615483333,139.81454,1.49402443553
1565450291472,0.8918,1.9502,9.4766,-0.2964,-0.4788,0.2964,161,3,552,35.7615483333,139.81454,1.49402443553
1565450291485,1.029,1.9012,9.5256,0.1748,-0.2812,0.4028,161,3,552,35.7615483333,139.81454,1.49402443553
1565450291555,0.98,1.8718,9.6138,-0.3268,-0.2508,-0.19,161,3,552,35.7615483333,139.814538333,1.45890606062
1565450291570,1.0094,1.8816,9.5354,0.2052,-0.2964,-0.304,165,-8,530,35.7615483333,139.814538333,1.45890606062
1565450291584,0.9898,1.9502,9.6138,0.1672,0.2356,-0.3876,165,-8,530,35.7615483333,139.814538333,1.45890606062
1565450291598,0.9898,1.8718,9.5452,0.0,-0.2432,-0.0456,165,-8,530,35.7615483333,139.814538333,1.45890606062
1565450291613,0.98,1.7542,9.5354,0.0228,-0.0532,-0.2052,165,-8,530,35.7615483333,139.814538333,1.45890606062
1565450291627,1.0094,1.7836,9.506,-0.2356,-0.228,0.2888,173,-8,546,35.7615483333,139.814538333,1.37124094309
1565450291640,1.0486,1.8914,9.5648,-0.0988,-0.4028,-0.266,173,-8,546,35.7615483333,139.814538333,1.37124094309
1565450291659,0.9506,2.0188,9.604,-0.076,-0.076,0.3268,173,-8,546,35.7615483333,139.814538333,1.37124094309
1565450291706,1.0682,1.7836,9.5942,-0.3648,0.1596,-0.1824,173,-8,546,35.7615483333,139.814538333,1.37124094309
1565450291720,1.029,1.9698,9.4766,0.3116,0.0684,0.3268,172,-17,533,35.7615483333,139.814538333,1.39903617547
1565450291734,0.9996,1.8228,9.604,0.0532,-0.2356,0.304,172,-17,533,35.7615483333,139.814538333,1.39903617547
1565450291748,0.8918,1.8326,9.702,0.2432,-0.1444,-0.0836,172,-17,533,35.7615483333,139.814538333,1.39903617547
1565450291762,0.9996,1.6856,9.5452,0.2356,-0.1672,0.4484,172,-17,533,35.7615483333,139.814538333,1.39903617547
1565450291776,0.9114,1.813,9.4864,-0.3192,0.4408,0.038,172,-17,533,35.7615483333,139.814538333,1.39903617547
1565450291790,0.9114,1.9012,9.4276,-0.4028,0.2128,0.6764,172,-17,533,35.7615483333,139.814538333,1.39903617547
1565450291809,1.029,1.8522,9.6628,0.2052,-0.1672,0.0456,172,-17,533,35.7615483333,139.814538333,1.39903617547
1565450291864,0.9898,1.8228,9.604,-0.2584,-0.2128,0.0684,156,8,546,35.7615483333,139.814538333,1.55709855342
1565450291878,1.0388,1.7836,9.6432,-0.19,0.1064,0.1216,156,8,546,35.7615483333,139.814538333,1.55709855342
1565450291893,0.98,1.862,9.5256,0.38,0.1064,0.2508,156,8,546,35.7615483333,139.814538333,1.55709855342
1565450291907,0.9408,1.7836,9.6334,-0.0076,-0.152,0.1672,156,8,546,35.7615483333,139.814538333,1.55709855342
1565450291920,1.0192,1.8816,9.4766,0.1748,0.2052,-0.114,173,-11,547,35.7615483333,139.814538333,1.37758484295
1565450291935,0.9114,1.862,9.4962,-0.2432,0.0912,0.1976,173,-11,547,35.7615483333,139.814538333,1.37758484295
1565450291949,1.0094,1.8424,9.7216,-0.0684,-0.2964,-0.5624,173,-11,547,35.7615483333,139.814538333,1.37758484295
1565450291963,0.9506,1.8032,9.6432,0.1444,-0.2508,0.3572,173,-11,547,35.7615483333,139.814538333,1.37758484295
1565450292026,0.98,1.8718,9.5844,-0.2736,-0.0456,-0.1748,173,-11,547,35.7615483333,139.814538333,1.44488370111
1565450292042,0.9898,1.862,9.4276,0.0988,0.342,-0.5016,165,2,542,35.7615483333,139.814538333,1.44488370111
1565450292056,1.029,1.911,9.604,-0.3876,-0.0076,0.076,165,2,542,35.7615483333,139.814538333,1.44488370111
1565450292075,0.9408,1.9012,9.6236,-0.4104,-0.19,-0.152,165,2,542,35.7615483333,139.814538333,1.44488370111
1565450292091,0.9506,1.96,9.4766,-0.57,0.5168,-0.2128,165,2,542,35.7615483333,139.814538333,1.44488370111
1565450292108,0.9212,1.813,9.6726,-0.0228,0.2204,-0.2508,165,2,542,35.7615483333,139.814538333,1.44488370111
1565450292134,1.0192,1.8914,9.4178,0.266,-0.2204,-0.0152,176,-10,557,35.7615483333,139.814538333,1.34399747874
1565450292220,0.931,1.8914,9.5942,0.2052,0.2356,0.2432,176,-10,557,35.7615483333,139.814538333,1.58079599348
1565450292233,1.029,1.7836,9.6236,0.3648,0.2052,-0.8132,154,-19,541,35.7615483333,139.814538333,1.58079599348
1565450292257,1.0486,1.8816,9.6628,0.0532,-0.0836,-0.2964,154,-19,541,35.7615483333,139.814538333,1.58079599348
1565450292269,1.029,1.7738,9.5746,0.266,-0.1672,-0.1064,154,-19,541,35.7615483333,139.814538333,1.58079599348
1565450292287,0.9604,1.8032,9.5354,0.0684,0.1672,0.3876,154,-19,541,35.7615483333,139.814538333,1.58079599348
1565450292308,0.9016,1.8032,9.4864,-0.304,-0.0836,-0.2508,154,-19,541,35.7615483333,139.814538333,1.58203180905
1565450292320,0.9212,1.7836,9.5452,-0.266,-0.1672,-0.2432,158,-8,550,35.7615483333,139.814538333,1.53710121945
1565450292393,0.9898,1.8032,9.555,0.1748,-0.0836,0.0076,158,-8,550,35.7615483333,139.814538333,1.53710121945
1565450292416,0.9898,1.8816,9.457,-0.0456,0.1292,-0.0152,163,-16,530,35.7615483333,139.814538333,1.48850833702
1565450292428,0.9604,1.8816,9.506,0.342,-0.1216,-0.1824,163,-16,530,35.7615483333,139.814538333,1.48850833702
1565450292447,1.0486,1.8718,9.6236,0.4864,-0.4408,0.7448,163,-16,530,35.7615483333,139.814538333,1.48850833702
1565450292465,0.931,1.8326,9.5844,0.3572,-0.4864,0.1596,163,-16,530,35.7615483333,139.814538333,1.48850833702
1565450292479,1.0682,1.9012,9.5256,0.3344,0.1064,0.266,163,-16,530,35.7615483333,139.814538333,1.48850833702
1565450292498,0.9702,1.8914,9.5648,-0.0532,-0.0608,0.1216,163,-16,530,35.7615483333,139.814538333,1.48850833702
1565450292571,0.9408,1.911,9.4864,-0.0228,-0.2356,-0.3344,158,-17,556,35.7615483333,139.814538333,1.54019363887
1565450292586,0.9506,1.8718,9.604,-0.1596,-0.0912,0.57,158,-17,556,35.7615483333,139.814538333,1.54019363887
1565450292599,0.9212,1.8228,9.7118,0.1976,0.1064,-0.2964,158,-17,556,35.7615483333,139.814538333,1.54019363887
1565450292618,0.9212,1.7052,9.604,0.1748,-0.2964,-0.38,156,-12,550,35.7615483333,139.814538333,1.560044053
1565450292633,1.0388,1.7542,9.555,-0.2812,-0.1216,-0.3344,156,-12,550,35.7615483333,139.814538333,1.560044053
1565450292649,1.0486,1.8424,9.457,0.152,-0.19,-0.3116,156,-12,550,35.7615483333,139.814538333,1.560044053
1565450292663,1.029,1.9012,9.6432,-0.0912,-0.0684,-0.0532,156,-12,550,35.7615483333,139.814538333,1.560044053
1565450292742,1.0192,1.9306,9.4766,0.304,0.076,-0.076,156,-12,550,35.7615483333,139.814538333,1.37782551683
1565450292756,1.0094,1.8816,9.5158,0.2204,0.3724,0.3496,172,-6,551,35.7615483333,139.814538333,1.37782551683
1565450292776,0.9506,1.7934,9.457,0.2356,0.3268,-0.0304,172,-6,551,35.7615483333,139.814538333,1.37782551683
1565450292791,0.98,1.8424,9.506,0.228,-0.2204,0.0152,172,-6,551,35.7615483333,139.814538333,1.37782551683
1565450292806,0.9996,1.8816,9.6236,0.1216,0.1672,0.3952,172,4,542,35.7615483333,139.814538333,1.35350289587
1565450292820,0.9604,1.813,9.4374,-0.2736,0.0988,0.4332,172,4,542,35.7615483333,139.814538333,1.35350289587
1565450292838,0.9898,1.8228,9.555,0.0912,0.038,0.3724,172,4,542,35.7615483333,139.814538333,1.35350289587
1565450292888,0.9898,1.8032,9.653,0.0,-0.0456,0.6688,172,4,542,35.7615483333,139.814538333,1.35350289587
1565450292902,1.0486,1.8228,9.653,-0.1368,0.0228,-0.228,172,4,542,35.7615483333,139.814538333,1.33705314593
1565450292917,0.9996,1.8522,9.7804,-0.0684,-0.0608,0.2964,170,18,556,35.7615483333,139.814538333,1.33705314593
1565450292930,1.029,1.8718,9.5354,0.3496,0.0836,0.4104,170,18,556,35.7615483333,139.814538333,1.33705314593
1565450292947,1.0094,1.8228,9.5452,0.0684,-0.0456,-0.0228,170,18,556,35.7615483333,139.814538333,1.33705314593
1565450292962,0.9702,1.911,9.4864,-0.0684,-0.1216,0.304,170,18,556,35.7615483333,139.814538333,1.33705314593
1565450292979,1.0094,1.911,9.555,0.2736,-0.3648,0.4712,170,18,556,35.7615483333,139.814538333,1.33705314593
1565450293023,1.0094,1.8914,9.5746,-0.2052,-0.2356,0.0532,170,18,556,35.7615483333,139.814538333,1.27031915842
1565450293038,1.0192,1.8718,9.4962,0.1064,-0.0304,-0.1292,177,10,549,35.7615483333,139.814538333,1.27031915842
1565450293056,0.9898,1.8816,9.5844,-0.4864,-0.2736,-0.266,177,10,549,35.7615483333,139.814538333,1.27031915842
1565450293072,0.9408,1.8914,9.5452,-0.3648,-0.3952,0.0988,177,10,549,35.7615483333,139.814538333,1.27031915842
1565450293087,1.0388,1.7934,9.5746,-0.2888,-0.152,0.5244,177,10,549,35.7615483333,139.814538333,1.27031915842
1565450293102,0.931,1.8522,9.7608,-0.2052,0.684,0.3344,177,-22,544,35.7615483333,139.814538333,1.35896877931
1565450293120,0.9604,1.8718,9.4962,0.4788,-0.1672,0.0912,175,-12,544,35.7615483333,139.814538333,1.35896877931
1565450293197,0.9506,1.8522,9.5452,0.4104,-0.3192,0.266,175,-12,544,35.7615466667,139.814538333,1.35896877931
1565450293212,0.9898,1.9012,9.5452,0.0912,-0.2052,0.266,173,-12,541,35.7615466667,139.814538333,1.3796118672
1565450293225,0.9506,1.8326,9.555,0.3496,-0.0532,0.1672,173,-12,541,35.7615466667,139.814538333,1.3796118672
1565450293239,1.0094,1.813,9.4864,-0.2432,-0.3344,-0.2052,173,-12,541,35.7615466667,139.814538333,1.3796118672
1565450293253,1.029,1.862,9.6236,0.0152,0.1596,0.2888,173,-12,541,35.7615466667,139.814538333,1.3796118672
1565450293276,0.931,1.8228,9.604,-0.4788,-0.4864,-0.1824,173,-12,541,35.7615466667,139.814538333,1.3796118672
1565450293289,0.9702,1.911,9.653,-0.1976,0.3572,0.0684,173,-12,541,35.7615466667,139.814538333,1.3796118672
1565450293340,0.9996,1.8914,9.4864,0.6384,0.1292,-0.1748,157,-6,549,35.7615466667,139.814538333,1.54781186935
1565450293354,0.9996,1.7738,9.5844,0.0684,0.0228,0.0988,157,-6,549,35.7615466667,139.814538333,1.54781186935
1565450293368,0.9996,1.813,9.5648,-0.0228,-0.1216,-0.1672,157,-6,549,35.7615466667,139.814538333,1.54781186935
1565450293387,1.0584,1.9208,9.4374,0.0,0.2508,-0.3344,157,-6,549,35.7615466667,139.814538333,1.54781186935
1565450293400,1.0388,1.9306,9.4374,0.152,0.0304,-0.1976,164,0,542,35.7615466667,139.814538333,1.46013910562
1565450293417,1.029,1.9894,9.5452,-0.152,-0.6156,-0.6308,164,0,542,35.7615466667,139.814538333,1.46013910562
1565450293434,0.9898,1.8914,9.457,0.1748,-0.0076,0.3344,164,0,542,35.7615466667,139.814538333,1.46013910562
1565450293495,0.9506,1.813,9.6138,0.1444,-0.2052,0.076,164,0,542,35.7615466667,139.814538333,1.57079632679
1565450293508,1.0584,2.0384,9.4276,0.076,0.0988,-0.3116,155,0,555,35.7615466667,139.814538333,1.57079632679
1565450293525,0.98,1.9796,9.6726,-0.19,0.228,-0.4408,155,0,555,35.7615466667,139.814538333,1.57079632679
1565450293540,0.9702,1.9306,9.5354,0.2508,-0.456,-0.6992,155,0,555,35.7615466667,139.814538333,1.57079632679
1565450293558,1.029,1.8522,9.3688,0.0,0.0076,-0.2736,155,0,555,35.7615466667,139.814538333,1.57079632679
1565450293581,0.9604,1.8326,9.6432,-0.038,0.1748,0.114,155,0,555,35.7615466667,139.814538333,1.57079632679
1565450293663,1.0584,1.9404,9.5256,0.19,0.3344,-0.1824,170,-18,542,35.7615466667,139.814538333,1.42042489879
1565450293678,1.0192,1.8326,9.6824,-0.0684,0.0608,0.0912,170,-18,542,35.7615466667,139.814538333,1.42042489879
1565450293692,0.9702,1.8718,9.604,-0.0304,0.1292,-0.0608,170,-18,542,35.7615466667,139.814538333,1.42190637919
1565450293710,0.9408,1.8718,9.457,0.1064,0.2204,-0.4788,172,-19,546,35.7615466667,139.814538333,1.40240616965
1565450293724,0.9996,1.7934,9.6726,-0.3952,0.3192,-0.3876,172,-19,546,35.7615466667,139.814538333,1.40240616965
1565450293743,0.9212,1.911,9.604,-0.1444,0.0,-0.5776,172,-19,546,35.7615466667,139.814538333,1.40240616965
1565450293758,0.9114,1.9012,9.6334,-0.418,0.0912,0.3192,172,-19,546,35.7615466667,139.814538333,1.40240616965
1565450293836,0.98,1.9894,9.555,-0.1216,-0.0228,0.57,172,-19,546,35.7615466667,139.814538333,1.59079366077
1565450293852,0.931,2.0384,9.5256,-0.3572,0.2812,-0.1368,153,-19,551,35.7615466667,139.814538333,1.59079366077
1565450293867,0.9996,1.8522,9.5942,0.1216,-0.152,0.2432,153,-19,551,35.7615466667,139.814538333,1.59079366077
1565450293883,0.882,1.862,9.702,-0.1748,0.1368,-0.608,153,-19,551,35.7615466667,139.814538333,1.59079366077
1565450293897,1.029,1.8326,9.4766,0.3116,0.1292,-0.1748,175,-17,560,35.7615466667,139.814538333,1.36947921842
1565450293911,0.9212,1.8424,9.4668,-0.0304,-0.1064,0.494,175,-17,560,35.7615466667,139.814538333,1.36947921842
1565450293928,0.9898,1.8816,9.604,0.1748,0.1216,0.4712,175,-17,560,35.7615466667,139.814538333,1.36947921842
1565450294008,0.9996,1.9208,9.4178,0.2812,0.19,0.1824,175,-17,560,35.7615466667,139.814538333,1.52431819544
1565450294022,1.029,1.9012,9.5354,-0.1064,-0.2204,-0.4712,159,-5,544,35.7615466667,139.814538333,1.52431819544
1565450294041,0.9506,1.9208,9.5158,0.2888,0.4256,-0.2584,159,-5,544,35.7615466667,139.814538333,1.52431819544
1565450294055,0.9212,1.9698,9.5942,-0.4408,0.076,-0.2356,159,-5,544,35.7615466667,139.814538333,1.52431819544
1565450294069,1.0486,1.8718,9.6628,-0.3876,0.2812,-0.1216,159,-5,544,35.7615466667,139.814538333,1.52431819544
1565450294086,1.029,1.7934,9.4178,0.2736,0.19,-0.38,159,-5,544,35.7615466667,139.814538333,1.52431819544
1565450294104,0.931,1.8424,9.4472,0.038,-0.4484,-0.8512,176,-30,555,35.7615466667,139.814538333,1.38381705688
1565450294179,0.9114,1.764,9.604,-0.0152,-0.5016,0.4332,176,-30,555,35.7615466667,139.814538333,1.38381705688
1565450294193,0.9408,1.8718,9.5354,-0.19,-0.3724,-0.0988,172,-7,557,35.7615466667,139.814538333,1.37996522407
1565450294207,0.9898,1.7738,9.5746,-0.0532,0.1748,0.3648,172,-7,557,35.7615466667,139.814538333,1.37996522407
1565450294220,1.029,2.009,9.5354,-0.0684,0.038,0.5624,172,-7,557,35.7615466667,139.814538333,1.37996522407
1565450294234,0.9506,1.911,9.4472,-0.304,-0.19,0.0532,172,-7,557,35.7615466667,139.814538333,1.37996522407
1565450294255,0.98,1.9012,9.555,0.2128,-0.0912,0.228,172,-7,557,35.7615466667,139.814538333,1.37996522407
1565450294267,0.9996,1.9698,9.5158,0.4408,-0.0836,-0.4256,172,-7,557,35.7615466667,139.814538333,1.37996522407
1565450294332,1.0094,1.8718,9.6334,-0.2204,0.342,-0.3116,172,-7,557,35.7615466667,139.814538333,1.64126767137
1565450294346,0.9016,2.009,9.5746,-0.5472,-0.5092,-0.2508,149,-4,540,35.7615466667,139.814538333,1.64126767137
1565450294368,1.078,1.9698,9.6432,-0.3116,-0.2508,-0.646,149,-4,540,35.7615466667,139.814538333,1.64126767137
1565450294381,1.0486,1.9306,9.4668,0.152,-0.1064,0.3344,149,-4,540,35.7615466667,139.814538333,1.64126767137
1565450294396,1.1172,1.6954,9.6824,-0.2964,0.228,0.3496,171,-1,553,35.7615466667,139.814538333,1.37809556813
1565450294414,0.9702,1.5288,9.5746,-0.1368,-0.0304,-0.0076,171,-1,553,35.7615466667,139.814538333,1.37809556813
1565450294427,0.9114,1.6562,9.5844,-0.1672,-0.2584,0.304,171,-1,553,35.7615466667,139.814538333,1.37809556813
1565450294465,0.9408,1.6366,9.6138,-0.5472,-0.2584,0.0684,171,-1,553,35.7615466667,139.814538333,1.37809556813
1565450294483,0.8918,1.8816,9.8196,0.3952,-0.076,-0.2888,171,-1,553,35.7615466667,139.814538333,1.40731988862
1565450294497,0.9702,1.911,9.4766,-0.076,0.0152,-0.0152,171,-16,546,35.7615466667,139.814538333,1.40731988862
1565450294513,0.9506,1.813,9.5354,0.0152,-0.2888,0.2888,171,-16,546,35.7615466667,139.814538333,1.40731988862
1565450294529,1.0486,1.617,9.4766,-0.114,-0.2508,-0.0608,171,-16,546,35.7615466667,139.814538333,1.40731988862
1565450294547,0.98,1.8424,9.6334,-0.0912,-0.076,-0.3572,171,-16,546,35.7615466667,139.814538333,1.40731988862
1565450294569,0.9702,1.911,9.4864,-0.1596,0.3952,0.1672,171,-16,546,35.7615466667,139.814538333,1.40731988862
1565450294620,0.98,1.8326,9.5452,-0.1596,0.4028,-0.0912,174,-5,561,35.7615466667,139.814538333,1.35335890739
1565450294633,0.8722,1.6562,9.6824,0.152,0.0836,-0.1672,174,-5,561,35.7615466667,139.814538333,1.35335890739
1565450294648,0.9212,1.6758,9.5452,0.4484,0.0608,0.3496,174,-5,561,35.7615466667,139.814538333,1.35335890739
1565450294663,1.0192,1.715,9.6236,-0.1368,0.0988,0.0684,174,-5,561,35.7615466667,139.814538333,1.35335890739
1565450294677,0.98,1.7738,9.702,0.1444,0.0152,-0.0608,174,-5,561,35.7615466667,139.814538333,1.35335890739
1565450294696,0.9702,1.9208,9.5746,0.2812,0.2888,0.2736,154,-18,556,35.7615466667,139.814538333,1.58089699338
1565450294711,0.9506,2.0188,9.6824,-0.0532,0.3192,-0.9728,154,-18,556,35.7615466667,139.814538333,1.58089699338
1565450294786,1.0094,1.813,9.6432,-0.1596,-0.2128,0.0228,154,-18,556,35.7615466667,139.814536667,1.49863269784
1565450294802,0.882,1.7052,9.6334,-0.4788,0.0608,-0.1596,161,-2,553,35.7615466667,139.814536667,1.49863269784
1565450294818,1.0192,1.7542,9.653,0.076,-0.722,0.228,161,-2,553,35.7615466667,139.814536667,1.49863269784
1565450294834,0.9898,1.862,9.555,-0.5016,0.2204,-0.152,161,-2,553,35.7615466667,139.814536667,1.49863269784
1565450294850,1.0388,1.7934,9.604,-0.3344,-0.2128,-0.1976,161,-2,553,35.7615466667,139.814536667,1.49863269784
1565450294864,1.0388,1.8718,9.6334,0.5852,-0.0152,-0.076,161,-2,553,35.7615466667,139.814536667,1.49863269784
1565450294879,0.9114,1.7738,9.5746,-0.0684,0.3344,0.038,161,-2,553,35.7615466667,139.814536667,1.40240616965
1565450294946,0.931,1.7542,9.5942,-0.1824,-0.19,-0.0304,172,-19,558,35.7615466667,139.814536667,1.40240616965
1565450294960,0.9408,1.4798,9.5746,0.4256,0.1292,-0.5016,172,-19,558,35.7615466667,139.814536667,1.40240616965
1565450294974,0.98,1.4798,9.4668,0.7448,-0.3724,0.0,172,-19,558,35.7615466667,139.814536667,1.40240616965
1565450294988,1.0192,1.911,9.5158,0.456,-0.4408,-0.1292,168,-27,544,35.7615466667,139.814536667,1.45100230404
1565450295003,1.0878,2.3618,9.7314,0.4788,-0.4636,0.2432,168,-27,544,35.7615466667,139.814536667,1.45100230404
1565450295021,0.9996,2.2638,9.5354,0.0076,0.266,-0.3724,168,-27,544,35.7615466667,139.814536667,1.45100230404
1565450295036,1.0094,1.8228,9.7118,0.2888,0.19,0.608,168,-27,544,35.7615466667,139.814536667,1.45100230404
1565450295106,1.0584,1.6562,9.6432,0.5092,-0.2508,0.3192,168,-27,544,35.7615466667,139.814536667,1.54610998474
1565450295126,0.9506,1.6954,9.6726,-0.456,0.304,-0.0228,157,0,547,35.7615466667,139.814536667,1.54610998474
1565450295139,1.0388,1.7248,9.6138,-0.2432,0.1596,0.3876,157,0,547,35.7615466667,139.814536667,1.54610998474
1565450295157,0.9212,1.7934,9.6824,0.3268,0.0836,0.2508,157,0,547,35.7615466667,139.814536667,1.54610998474
1565450295171,1.029,1.9502,9.7216,-0.2964,0.1976,-0.2432,157,0,547,35.7615466667,139.814536667,1.54610998474
1565450295188,1.0192,1.9306,9.5354,0.0684,-0.0152,-0.5928,160,-2,546,35.7615466667,139.814536667,1.51062807564
1565450295202,0.9898,1.9306,9.5158,-0.3192,-0.5396,0.0304,160,-2,546,35.7615466667,139.814536667,1.51062807564
1565450295274,0.9016,1.715,9.6138,-0.3648,0.0988,-0.6384,160,-2,546,35.7615466667,139.814536667,1.50914615616
1565450295288,0.9506,2.0776,9.4766,0.38,-0.114,0.152,160,0,544,35.7615466667,139.814536667,1.50914615616
1565450295301,1.029,1.8914,9.6824,-0.1672,-0.3724,0.2888,160,0,544,35.7615466667,139.814536667,1.50914615616
1565450295315,1.0192,1.5876,9.5844,-0.0076,0.4864,0.418,160,0,544,35.7615466667,139.814536667,1.50914615616
1565450295329,1.0094,1.6758,9.3492,0.3496,0.1596,-0.4104,160,0,544,35.7615466667,139.814536667,1.50914615616
1565450295348,1.0584,1.8522,9.5158,-0.0304,-0.4408,0.4028,160,0,544,35.7615466667,139.814536667,1.50914615616
1565450295360,1.029,1.9992,9.6726,0.2432,0.1976,-0.1064,160,0,544,35.7615466667,139.814536667,1.50914615616
1565450295425,1.078,2.058,9.506,-0.1672,-0.1748,-0.342,160,-20,545,35.7615466667,139.814536667,1.37530552655
1565450295439,0.9996,1.9012,9.4962,-0.2356,0.1444,-0.0608,175,-20,545,35.7615466667,139.814536667,1.37530552655
1565450295458,1.0682,1.911,9.604,0.2812,0.0076,-0.1672,175,-20,545,35.7615466667,139.814536667,1.37530552655
1565450295472,0.9702,1.8522,9.5256,0.418,0.0988,0.0152,175,-20,545,35.7615466667,139.814536667,1.57079632679
1565450295491,0.9996,1.8718,9.506,0.342,-0.1976,0.0456,155,1,537,35.7615466667,139.814536667,1.57079632679
1565450295507,1.0094,1.9502,9.5844,-0.2356,-0.0912,0.1596,155,1,537,35.7615466667,139.814536667,1.57079632679
1565450295524,1.029,1.8522,9.506,0.0,-0.0836,-0.0228,155,1,537,35.7615466667,139.814536667,1.57079632679
1565450295611,1.029,1.7836,9.5844,-0.1444,0.1748,-0.3192,155,1,537,35.7615466667,139.814536667,1.51403916897
1565450295625,1.029,1.8522,9.4668,0.0836,-0.0836,-0.2356,160,-7,547,35.7615466667,139.814536667,1.51403916897
1565450295640,1.0388,1.9502,9.653,0.4484,0.0304,0.2736,160,-7,547,35.7615466667,139.814536667,1.51403916897
1565450295654,1.029,1.96,9.457,0.5624,0.2356,0.1216,160,-7,547,35.7615466667,139.814536667,1.51403916897
1565450295675,0.9408,1.8718,9.5746,-0.0912,-0.1824,-0.038,160,-7,547,35.7615466667,139.814536667,1.41725254426
1565450295691,0.98,1.7738,9.555,0.1824,-0.4256,-0.228,168,-3,554,35.7615466667,139.814536667,1.41725254426
1565450295706,1.0584,1.7836,9.6824,0.2204,0.1368,-0.0608,168,-3,554,35.7615466667,139.814536667,1.41725254426
1565450295776,1.029,2.009,9.5746,0.076,0.2736,-0.2584,168,-3,554,35.7615466667,139.814536667,1.4576453452
1565450295792,1.0094,1.9796,9.6922,0.228,-0.2356,-0.19,165,-7,552,35.7615466667,139.814536667,1.4576453452
1565450295809,1.0388,1.8718,9.5942,-0.038,0.5624,-0.836,165,-7,552,35.7615466667,139.814536667,1.4576453452
1565450295826,1.029,1.9012,9.4766,0.2432,-0.076,0.0684,165,-7,552,35.7615466667,139.814536667,1.4576453452
1565450295842,0.9114,1.862,9.5844,-0.304,-0.0456,0.0076,165,-7,552,35.7615466667,139.814536667,1.4576453452
1565450295857,0.931,1.8914,9.5354,0.076,0.3648,0.2736,165,-7,552,35.7615466667,139.814536667,1.4576453452
1565450295874,1.0486,2.0286,9.4668,-0.152,-0.2584,-0.5244,155,-8,545,35.7615466667,139.814536667,1.57079632679
1565450295953,1.0486,1.8228,9.4472,-0.4028,-0.1824,0.2432,155,-8,545,35.7615466667,139.814536667,1.57079632679
1565450295967,1.0388,1.8816,9.4276,-0.2052,-0.2052,0.418,155,-8,545,35.7615466667,139.814536667,1.62177253387
1565450295982,0.9898,1.9306,9.3982,-0.2204,0.3876,-0.0152,150,-17,548,35.7615466667,139.814536667,1.62177253387
1565450296000,1.0682,1.9502,9.604,-0.2812,-0.1444,-0.19,150,-17,548,35.7615466667,139.814536667,1.62177253387
1565450296015,0.9898,1.8228,9.3982,0.1292,-0.0836,-0.3344,150,-17,548,35.7615466667,139.814536667,1.62177253387
1565450296031,1.0388,1.813,9.6334,0.418,0.038,-0.3344,150,-17,548,35.7615466667,139.814536667,1.62177253387
1565450296047,1.029,1.8914,9.506,-0.3496,-0.6536,-0.0912,150,-17,548,35.7615466667,139.814536667,1.62177253387
1565450296094,1.0094,1.8718,9.4962,-0.038,-0.0912,-0.418,150,-17,544,35.7615466667,139.814536667,1.40564764938
1565450296112,0.9408,1.9012,9.6726,0.3724,0.1292,-0.0608,168,3,544,35.7615466667,139.814536667,1.40564764938
1565450296127,1.029,1.9502,9.5158,-0.38,0.0456,0.0532,168,3,544,35.7615466667,139.814536667,1.40564764938
1565450296147,0.98,1.8816,9.6334,-0.1064,0.1596,0.2888,168,3,544,35.7615466667,139.814536667,1.40564764938
1565450296163,0.931,1.8424,9.4864,0.0152,0.038,0.4484,168,3,544,35.7615466667,139.814536667,1.40564764938
1565450296176,0.9604,1.8424,9.5158,0.0912,-0.1596,0.0,152,-19,550,35.7615466667,139.814536667,1.60078733165
1565450296190,1.1172,1.9306,9.5158,-0.494,0.0456,0.2052,152,-19,550,35.7615466667,139.814536667,1.60078733165
1565450296241,0.9702,1.8424,9.6334,-0.114,0.076,0.1216,152,-19,550,35.7615466667,139.814536667,1.60078733165
1565450296253,0.9702,1.9992,9.5844,-0.3648,0.1748,0.0988,152,-19,550,35.7615466667,139.814536667,1.60078733165
1565450296267,1.029,1.9698,9.4472,-0.2356,0.1292,-0.0988,154,-14,560,35.7615466667,139.814536667,1.58132225383
1565450296280,1.0584,1.8718,9.3982,-0.4484,0.0304,-0.228,154,-14,560,35.7615466667,139.814536667,1.58132225383
1565450296294,0.98,1.8522,9.5452,0.4408,-0.4256,-0.228,154,-14,560,35.7615466667,139.814536667,1.58132225383
1565450296308,0.9604,1.8914,9.5746,-0.0684,0.7448,-0.1368,154,-14,560,35.7615466667,139.814536667,1.58132225383
1565450296321,1.029,1.9306,9.4374,-0.2508,0.2812,0.2584,154,-14,560,35.7615466667,139.814536667,1.58132225383
1565450296342,1.0192,1.9208,9.702,-0.0988,-0.2964,0.3344,154,-14,560,35.7615466667,139.814536667,1.58132225383
1565450296408,0.9408,1.9796,9.604,-0.0456,0.038,-0.7296,154,-14,560,35.761545,139.814536667,1.54080532194
1565450296421,0.9604,1.96,9.3982,-0.4408,-0.038,0.1216,158,-19,552,35.761545,139.814536667,1.54080532194
1565450296440,1.0878,1.8228,9.4962,-0.7372,-0.2736,-0.2052,158,-19,552,35.761545,139.814536667,1.54080532194
1565450296457,1.029,1.9796,9.6236,0.2204,0.0076,0.2736,158,-19,552,35.761545,139.814536667,1.54080532194
1565450296469,0.9016,1.9796,9.5158,-0.0836,0.114,0.0532,165,0,540,35.761545,139.814536667,1.44796108792
1565450296487,0.9212,1.9796,9.506,-0.2964,-0.0532,0.4788,165,0,540,35.761545,139.814536667,1.44796108792
1565450296500,1.0388,1.9306,9.6138,0.19,0.2888,0.494,165,0,540,35.761545,139.814536667,1.44796108792
1565450296557,1.0192,1.9404,9.5452,0.2584,0.0456,-0.1292,165,0,540,35.761545,139.814536667,1.44796108792
1565450296572,0.9702,1.9012,9.4962,0.1444,0.1748,0.0304,165,-14,543,35.761545,139.814536667,1.46591938806
1565450296588,1.0192,1.8522,9.5746,0.2508,-0.114,0.0532,165,-14,543,35.761545,139.814536667,1.46591938806
1565450296607,0.9996,1.8326,9.6236,-0.0076,-0.2508,0.4864,165,-14,543,35.761545,139.814536667,1.46591938806
1565450296625,0.9898,1.9012,9.555,0.114,0.1976,-0.836,165,-14,543,35.761545,139.814536667,1.46591938806
1565450296641,1.029,1.96,9.5452,0.38,0.2736,0.1292,165,-14,543,35.761545,139.814536667,1.46591938806
1565450296717,0.9898,1.8914,9.604,0.5168,0.4332,0.0304,165,-14,543,35.761545,139.814536667,1.59141196242
1565450296732,0.9408,1.8326,9.6432,0.0456,-0.0912,0.2888,153,-16,547,35.761545,139.814536667,1.59141196242
1565450296746,0.9996,1.8718,9.4962,0.2812,-0.4028,0.0456,153,-16,547,35.761545,139.814536667,1.59141196242
1565450296766,0.98,1.813,9.5452,-0.1368,0.2584,-0.5396,156,6,555,35.761545,139.814536667,1.5574637835
1565450296780,0.9506,1.911,9.5942,0.1064,-0.4636,0.3952,156,6,555,35.761545,139.814536667,1.5574637835
1565450296796,0.9702,1.9502,9.555,-0.0152,-0.228,0.0684,156,6,555,35.761545,139.814536667,1.5574637835
1565450296812,0.9898,1.9404,9.5452,-0.2964,-0.038,0.076,156,6,555,35.761545,139.814536667,1.5574637835
1565450296889,1.0584,1.8718,9.5452,-0.0608,0.0304,0.1292,156,6,555,35.761545,139.814536667,1.38862801632
1565450296904,0.9702,1.9404,9.5648,0.4332,-0.2508,-0.38,169,5,545,35.761545,139.814536667,1.38862801632
1565450296919,0.9506,1.8816,9.702,-0.1748,-0.228,-0.4788,169,5,545,35.761545,139.814536667,1.38862801632
1565450296936,1.0192,1.911,9.3982,-0.076,0.2204,-0.3724,169,5,545,35.761545,139.814536667,1.38862801632
1565450296950,1.0388,1.8914,9.506,-0.1824,0.4712,0.152,169,5,545,35.761545,139.814536667,1.38862801632
1565450296964,0.9702,1.8326,9.5158,0.38,-0.5168,-0.3116,161,-8,552,35.761545,139.814536667,1.503482451
1565450296984,0.9506,1.8228,9.5942,-0.0988,0.1444,0.0912,161,-8,552,35.761545,139.814536667,1.503482451
1565450297064,1.0584,1.8424,9.6138,0.2812,0.1672,0.4712,161,-8,552,35.761545,139.814536667,1.41088320364
1565450297079,0.9898,1.8424,9.5354,-0.2128,0.5244,-0.6308,170,-12,560,35.761545,139.814536667,1.41088320364
1565450297097,0.9506,1.7836,9.6432,0.0228,0.2964,-0.0456,170,-12,560,35.761545,139.814536667,1.41088320364
1565450297114,1.029,1.8718,9.6824,-0.038,0.0608,-0.608,170,-12,560,35.761545,139.814536667,1.41088320364
1565450297128,1.0486,1.9698,9.5942,0.0304,0.5776,-0.4712,170,-12,560,35.761545,139.814536667,1.41088320364
1565450297145,1.029,1.9404,9.6236,-0.2736,0.1824,-0.1672,170,-12,560,35.761545,139.814536667,1.41088320364
1565450297161,0.9996,1.9502,9.702,0.2128,0.2204,-0.4332,165,4,555,35.761545,139.814536667,1.44164903667
1565450297232,1.0584,1.9208,9.5746,0.57,0.3876,-0.2812,165,4,555,35.761545,139.814536667,1.44164903667
1565450297245,1.0094,1.7444,9.5746,0.304,-0.5092,0.0608,165,4,555,35.761545,139.814536667,1.44164903667
1565450297259,0.9996,1.8816,9.4962,0.3116,0.3648,-0.0304,165,-16,536,35.761545,139.814536667,1.46806645938
1565450297273,1.0192,1.8424,9.5648,0.5168,0.2356,0.114,165,-16,536,35.761545,139.814536667,1.46806645938
1565450297286,1.0388,1.8718,9.6334,-0.0684,0.304,-0.0152,165,-16,536,35.761545,139.814536667,1.46806645938
1565450297300,1.0192,1.9502,9.5942,0.0304,-0.4256,0.3572,165,-16,536,35.761545,139.814536667,1.46806645938
1565450297320,0.9898,1.9306,9.6824,0.2052,-0.6992,-0.0456,165,-16,536,35.761545,139.814536667,1.46806645938
1565450297332,0.9212,1.9404,9.5648,0.114,-0.0684,-0.0228,165,-16,536,35.761545,139.814536667,1.46806645938
1565450297395,1.0094,1.9012,9.6824,-0.1748,0.1596,-0.1216,178,3,549,35.761545,139.814536667,1.28405092266
1565450297408,0.931,1.9796,9.5648,-0.0836,-0.0076,-0.1824,178,3,549,35.761545,139.814536667,1.28405092266
1565450297431,0.9604,1.8914,9.4276,0.0684,-0.1748,0.0076,178,3,549,35.761545,139.814536667,1.28405092266
1565450297443,0.9114,2.009,9.5354,-0.304,-0.6384,0.0456,178,3,549,35.761545,139.814536667,1.28405092266
1565450297462,0.9996,2.0384,9.555,-0.2356,0.3344,0.152,180,-3,549,35.761545,139.814536667,1.28152532119
1565450297475,1.1172,1.8718,9.6432,0.2964,-0.0608,0.3572,180,-3,549,35.761545,139.814536667,1.28152532119
1565450297489,0.8918,1.9306,9.5354,-0.0684,-0.2052,0.0076,180,-3,549,35.761545,139.814536667,1.28152532119
1565450297567,0.882,1.8914,9.5256,0.0,0.3116,-0.0608,180,-3,549,35.761545,139.814536667,1.46591938806
1565450297581,0.9212,1.8914,9.702,-0.1368,0.114,0.0,165,-14,543,35.761545,139.814536667,1.46591938806
1565450297596,0.9702,1.8326,9.4276,-0.19,0.3952,0.2812,165,-14,543,35.761545,139.814536667,1.46591938806
1565450297610,1.0976,1.9208,9.5452,-0.1064,0.4864,0.038,165,-14,543,35.761545,139.814536667,1.46591938806
1565450297627,0.9898,1.9404,9.5942,-0.1292,-0.4712,-0.114,165,-14,543,35.761545,139.814536667,1.46591938806
1565450297644,0.9702,1.9404,9.555,-0.114,0.0684,0.8664,165,-14,543,35.761545,139.814536667,1.46591938806
1565450297665,1.0486,1.862,9.5648,0.2356,-0.0836,0.3268,163,-20,556,35.761545,139.814536667,1.49175343262
1565450297716,1.0486,1.9208,9.4864,0.1444,0.1368,-0.6612,163,-20,556,35.761545,139.814536667,1.49175343262
1565450297730,0.98,1.862,9.5844,0.0,0.1748,0.1368,163,-20,556,35.761545,139.814536667,1.49175343262
1565450297750,1.0192,1.8326,9.555,0.0304,-0.2128,0.0532,163,-20,556,35.761545,139.814536667,1.48765509491
1565450297763,1.0976,1.9698,9.4766,0.3496,-0.3116,0.038,170,-15,542,35.761545,139.814536667,1.41579958487
1565450297783,1.029,1.911,9.4276,-0.2508,0.0,0.4864,170,-15,542,35.761545,139.814536667,1.41579958487
1565450297798,1.0094,1.8816,9.604,0.1368,-0.0988,-0.5472,170,-15,542,35.761545,139.814536667,1.41579958487
1565450297815,0.9898,1.8914,9.5256,-0.1368,0.1064,-0.5244,170,-15,542,35.761545,139.814536667,1.41579958487
1565450297861,1.078,1.7934,9.4668,0.0608,0.266,0.3496,170,-15,542,35.761545,139.814536667,1.46530701827
1565450297874,0.9702,2.009,9.4766,-0.3192,0.4104,0.0304,164,-4,553,35.761545,139.814536667,1.46530701827
1565450297890,1.0192,1.911,9.604,-0.038,0.0456,0.4788,164,-4,553,35.761545,139.814536667,1.46530701827
1565450297906,0.9898,1.8914,9.604,-0.2508,0.3648,-0.3192,164,-4,553,35.761545,139.814536667,1.46530701827
1565450297921,1.0094,1.9796,9.4962,-0.0152,0.0456,-0.3344,164,-4,553,35.761545,139.814536667,1.46530701827
1565450297938,0.9408,1.96,9.5746,0.1292,0.2584,-0.1672,164,-4,553,35.761545,139.814536667,1.46530701827
1565450297953,0.9898,1.8816,9.457,-0.114,0.0836,0.19,164,-9,542,35.761545,139.814536667,1.4711276743
1565450298033,1.0682,1.8914,9.604,-0.2508,0.0684,0.456,164,-9,542,35.761545,139.814536667,1.4711276743
1565450298047,1.0192,1.9404,9.5452,0.0152,0.2888,0.0988,164,0,548,35.761545,139.814536667,1.46013910562
1565450298061,1.0192,1.96,9.5354,-0.3952,-0.0076,-0.0456,164,0,548,35.761545,139.814536667,1.46013910562
1565450298080,0.98,1.8228,9.6138,0.0608,0.19,0.2356,164,0,548,35.761545,139.814536667,1.46013910562
1565450298095,1.078,1.9012,9.5844,0.0608,0.19,-0.494,164,0,548,35.761545,139.814536667,1.46013910562
1565450298112,0.9898,1.8816,9.5942,-0.3648,-0.3344,0.266,164,0,548,35.761545,139.814536667,1.46013910562
1565450298131,0.9702,1.8914,9.555,0.0152,-0.038,-0.038,164,0,548,35.761545,139.814536667,1.46013910562
1565450298176,0.9212,1.8914,9.604,0.076,0.0304,0.19,150,-11,543,35.761545,139.814536667,1.6250907387
1565450298194,0.9016,1.96,9.5354,-0.5472,-0.2964,-0.228,150,-11,543,35.761545,139.814536667,1.6250907387
1565450298207,0.9898,1.9698,9.3884,-0.3724,0.5016,0.1444,150,-11,543,35.761545,139.814536667,1.6250907387
1565450298227,1.0682,1.9306,9.457,-0.1216,-0.0228,-0.1748,150,-11,543,35.761545,139.814536667,1.6250907387
1565450298242,0.9702,1.9698,9.5158,-0.3116,0.3116,-0.342,150,-11,543,35.761545,139.814536667,1.49016345085
1565450298256,0.9604,1.9796,9.4766,-0.2356,-0.076,-0.1292,163,-18,549,35.761545,139.814536667,1.49016345085
1565450298271,1.0094,1.8914,9.5942,0.2128,-0.1672,-0.5472,163,-18,549,35.761545,139.814536667,1.49016345085
1565450298339,1.0094,1.9404,9.4668,-0.152,-0.0076,-0.57,163,-18,549,35.761545,139.814536667,1.50271986854
1565450298352,0.9408,1.96,9.5354,-0.1672,-0.1596,0.1596,161,-7,548,35.761545,139.814536667,1.50271986854
1565450298367,0.9996,1.911,9.5942,-0.076,0.1672,-0.0228,161,-7,548,35.761545,139.814536667,1.50271986854
1565450298380,1.0192,1.911,9.5354,-0.5092,-0.4256,-0.0456,161,-7,548,35.761545,139.814536667,1.50271986854
1565450298394,1.0682,1.9404,9.751,-0.1672,0.0988,0.1216,161,-7,548,35.761545,139.814536667,1.50271986854
1565450298412,0.9898,1.8914,9.4668,0.3876,-0.3648,-0.1292,161,-7,548,35.761545,139.814536667,1.50271986854
1565450298428,1.0192,1.9012,9.5844,0.038,-0.1216,-0.1064,161,-7,548,35.761545,139.814536667,1.50271986854
1565450298444,0.9898,1.9306,9.457,-0.1672,-0.0076,-0.5548,165,-16,555,35.761545,139.814536667,1.46806645938
1565450298506,0.9898,1.911,9.555,-0.342,0.1292,0.2356,165,-16,555,35.761545,139.814536667,1.46806645938
1565450298525,1.0584,1.911,9.4962,-0.152,-0.0912,-0.6156,165,-16,555,35.761545,139.814536667,1.46806645938
1565450298547,0.98,1.8816,9.6824,0.038,0.1444,-0.0912,159,-8,551,35.761545,139.814536667,1.52588273133
1565450298563,0.931,1.862,9.5746,0.0912,-0.1216,0.6308,159,-8,551,35.761545,139.814536667,1.52588273133
1565450298579,1.0486,1.9502,9.4178,0.1672,0.0608,-0.456,159,-8,551,35.761545,139.814536667,1.52588273133
1565450298597,1.0094,1.9404,9.408,0.038,-0.114,-0.038,159,-8,551,35.761545,139.814536667,1.52588273133
1565450298686,0.9114,2.009,9.5746,-0.4332,0.4788,-0.0912,159,-8,551,35.761545,139.814536667,1.48013643959
1565450298699,1.0486,1.911,9.4374,-0.1216,0.19,0.418,162,4,544,35.761545,139.814536667,1.48013643959
1565450298713,0.9408,1.7934,9.4472,0.0912,-0.1216,-0.2128,162,4,544,35.761545,139.814536667,1.48013643959
1565450298732,1.029,1.8424,9.4962,-0.494,-0.456,-0.0912,162,4,544,35.761545,139.814536667,1.48013643959
1565450298748,1.078,1.9208,9.457,-0.2432,0.2508,0.2356,163,5,556,35.761545,139.814536667,1.46591938806
1565450298764,0.9898,1.9404,9.7608,-0.8056,0.152,-0.988,163,5,556,35.761545,139.814536667,1.46591938806
1565450298778,0.9114,1.862,9.702,0.1064,0.4028,0.418,163,5,556,35.761545,139.814536667,1.46591938806
1565450298855,0.9604,1.862,9.653,-0.2052,0.0532,-0.646,163,5,556,35.761545,139.814536667,1.37340076695
1565450298867,1.0192,1.8816,9.6432,0.8056,0.1824,-0.0532,173,-9,545,35.761545,139.814536667,1.37340076695
1565450298883,1.0976,1.862,9.555,-0.0456,0.1824,-0.304,173,-9,545,35.761545,139.814536667,1.37340076695
1565450298899,1.0094,1.911,9.4668,-0.0684,0.1748,0.418,173,-9,545,35.761545,139.814536667,1.37340076695
1565450298915,0.9996,1.9306,9.5648,-0.2508,-0.418,-0.19,173,-9,545,35.761545,139.814536667,1.37340076695
1565450298930,1.0388,1.8718,9.555,-0.1444,0.0228,-0.5092,173,-9,545,35.761545,139.814536667,1.34948188445
1565450298944,0.9996,1.9404,9.4962,0.304,0.0076,-0.2052,169,1,550,35.761545,139.814536667,1.39755066034
1565450299018,0.9604,1.9306,9.7216,0.1672,-0.1672,0.2584,169,1,550,35.761545,139.814536667,1.39755066034
1565450299032,1.029,2.0188,9.4962,0.266,0.0988,-0.2888,169,1,555,35.761545,139.814536667,1.53283988161
1565450299046,0.98,1.862,9.5648,-0.0152,-0.4636,0.1976,158,2,555,35.761545,139.814536667,1.53283988161
1565450299065,1.0192,2.0188,9.5844,-0.0532,0.0532,-0.5548,158,2,555,35.761545,139.814536667,1.53283988161
1565450299080,1.0486,1.862,9.5942,0.1064,0.5624,0.0,158,2,555,35.761545,139.814536667,1.53283988161
1565450299098,1.0584,1.9208,9.4374,0.3344,0.228,0.5016,158,2,555,35.761545,139.814536667,1.53283988161
1565450299113,0.9702,1.9012,9.6628,0.0988,0.114,0.2964,158,2,555,35.761545,139.814536667,1.53283988161
1565450299185,0.98,2.0384,9.6628,0.4104,0.1824,-0.2964,162,-13,551,35.761545,139.814536667,1.49646543963
1565450299203,0.9898,1.8718,9.604,0.418,0.266,0.1672,162,-13,551,35.761545,139.814536667,1.49646543963
1565450299216,0.9898,1.9502,9.4766,-0.4104,0.0532,-0.5396,162,-13,551,35.761545,139.814536667,1.49646543963
1565450299230,0.9898,1.8718,9.4668,-0.114,-0.0608,0.0988,162,6,547,35.761545,139.814536667,1.54413597842
1565450299244,1.029,1.911,9.4864,0.2204,0.0152,0.1672,157,6,547,35.761545,139.814536667,1.54413597842
1565450299257,1.0094,1.9404,9.5648,0.0304,0.2888,0.1824,157,6,547,35.761545,139.814536667,1.54413597842
1565450299271,1.0192,2.009,9.6334,-0.3648,0.2812,0.19,157,6,547,35.761545,139.814536667,1.54413597842
1565450299322,1.0486,1.9404,9.4962,-0.0988,0.2584,0.0304,157,6,547,35.761545,139.814536667,1.54413597842
1565450299336,1.127,1.8228,9.5354,-0.0456,-0.7448,-0.6004,173,-6,548,35.761545,139.814536667,1.3667783472
1565450299350,0.9114,1.9208,9.653,0.2584,-0.2128,0.0912,173,-6,548,35.761545,139.814536667,1.3667783472
1565450299364,0.9506,1.9502,9.7314,-0.0608,-0.2128,0.0608,173,-6,548,35.761545,139.814536667,1.3667783472
1565450299377,0.9506,1.862,9.7216,-0.0076,0.1748,0.19,173,-6,548,35.761545,139.814536667,1.3667783472
1565450299400,1.0094,1.8718,9.6922,-0.1292,0.1368,-0.076,173,-6,548,35.761545,139.814536667,1.3667783472
1565450299412,1.029,1.8522,9.6236,0.038,-0.5624,0.0608,173,-6,548,35.761545,139.814536667,1.3667783472
1565450299453,0.9114,1.9306,9.6236,-0.19,-0.0684,-0.5472,156,-3,546,35.761545,139.814536667,1.55889212724
1565450299467,0.9898,1.8522,9.5452,0.076,-0.494,0.038,156,-3,546,35.761545,139.814536667,1.55889212724
1565450299480,1.0192,1.8718,9.457,-0.1216,-0.1672,0.3952,156,-3,546,35.761545,139.814536667,1.55889212724
1565450299498,0.9898,1.8718,9.4374,0.038,-0.0076,-0.9424,156,-3,546,35.761545,139.814536667,1.55889212724
1565450299514,0.9408,1.862,9.6334,-0.152,0.0608,0.0456,156,-3,546,35.761545,139.814536667,1.55889212724
1565450299530,1.029,1.911,9.4668,-0.19,-0.038,-0.0836,188,7,550,35.761545,139.814536667,1.44976910699
1565450299545,1.029,1.8718,9.6334,-0.0684,-0.0456,-0.228,164,7,550,35.761545,139.814536667,1.44976910699
1565450299623,1.0388,1.9208,9.6432,0.2812,0.304,-0.3268,164,7,550,35.7615433333,139.814536667,1.57079632679
1565450299636,1.0192,1.9404,9.5354,-0.2356,0.114,0.1596,155,-11,548,35.7615433333,139.814536667,1.57079632679
1565450299655,0.9898,1.8914,9.653,0.228,-0.418,-0.3572,155,-11,548,35.7615433333,139.814536667,1.57079632679
1565450299671,0.98,1.9404,9.6334,0.2128,0.3572,-0.114,155,-11,548,35.7615433333,139.814536667,1.57079632679
1565450299690,1.0486,1.9404,9.4766,0.2508,-0.4636,-0.0532,155,-11,548,35.7615433333,139.814536667,1.57079632679
1565450299705,0.931,1.96,9.6628,0.0608,-0.5168,-0.2052,155,-11,548,35.7615433333,139.814536667,1.57079632679
1565450299728,0.98,1.9796,9.506,0.1292,0.1824,0.5244,155,-11,547,35.7615433333,139.814536667,1.58270052635
1565450299784,1.0682,1.9502,9.4864,-0.1368,0.3724,-0.5092,154,-3,547,35.7615433333,139.814536667,1.58270052635
1565450299798,0.9408,1.8424,9.6236,-0.1672,0.4332,-0.1368,154,-3,547,35.7615433333,139.814536667,1.58270052635
1565450299813,1.0094,1.862,9.4766,-0.3648,0.3344,-0.3192,154,-3,547,35.7615433333,139.814536667,1.58270052635
1565450299831,1.0192,1.911,9.5942,-0.038,-0.6764,-0.266,173,-4,551,35.7615433333,139.814536667,1.36211456446
1565450299846,1.0192,1.8816,9.5746,-0.4484,0.418,0.0,173,-4,551,35.7615433333,139.814536667,1.36211456446
1565450299862,0.9408,1.8522,9.604,-0.19,-0.1748,0.1368,173,-4,551,35.7615433333,139.814536667,1.36211456446
1565450299877,0.98,1.813,9.5452,-0.1824,-0.0912,-0.4788,173,-4,551,35.7615433333,139.814536667,1.36211456446
1565450299951,1.0192,1.7836,9.5354,0.3496,0.1064,-0.3572,173,-4,551,35.7615433333,139.814536667,1.37124094309
1565450299967,0.9702,1.9894,9.5648,-0.0608,-0.2356,-0.1444,173,-8,555,35.7615433333,139.814536667,1.37124094309
1565450299983,0.98,1.9992,9.5942,0.1292,0.0532,-0.2052,173,-8,555,35.7615433333,139.814536667,1.37124094309
1565450299997,1.029,1.9698,9.457,-0.1368,0.0,-0.3876,173,-8,555,35.7615433333,139.814536667,1.37124094309
1565450300013,1.078,1.8816,9.6236,0.1444,-0.0608,0.3268,173,-8,555,35.7615433333,139.814536667,1.37124094309
1565450300027,1.0388,1.9502,9.5844,-0.1976,-0.038,-0.4712,157,3,550,35.7615433333,139.814536667,1.54516091827
1565450300050,0.9996,1.9306,9.6432,-0.1748,-0.4484,0.266,157,3,550,35.7615433333,139.814536667,1.54516091827
1565450300136,1.0388,1.8914,9.6824,0.0988,0.3268,0.114,157,3,550,35.7615433333,139.814536667,1.50193983749
1565450300155,0.9898,1.8326,9.5452,0.152,0.4028,-0.0988,161,-6,536,35.7615433333,139.814536667,1.50193983749
1565450300168,0.98,1.8816,9.6334,0.3496,0.3496,0.2736,161,-6,536,35.7615433333,139.814536667,1.50193983749
1565450300185,0.9996,1.862,9.5354,-0.5472,0.2432,0.1748,161,-6,536,35.7615433333,139.814536667,1.50193983749
1565450300197,1.0192,1.862,9.653,-0.5624,-0.1596,-0.7448,161,-6,536,35.7615433333,139.814536667,1.50193983749
1565450300214,1.0094,1.9012,9.604,-0.1368,0.0,0.228,161,-6,536,35.7615433333,139.814536667,1.46213511095
1565450300227,0.98,1.9012,9.5158,0.2128,-0.2128,0.4636,163,3,552,35.7615433333,139.814536667,1.46858960869
1565450300301,1.0192,1.911,9.702,0.1216,-0.3952,-0.0532,163,3,552,35.7615433333,139.814536667,1.46858960869
1565450300314,0.9604,1.7934,9.457,-0.0684,-0.6308,-0.2812,163,3,552,35.7615433333,139.814536667,1.61332386141
1565450300329,1.029,1.8914,9.4864,-0.2356,0.0,0.0152,151,-13,554,35.7615433333,139.814536667,1.61332386141
1565450300342,0.931,1.8914,9.6138,0.1444,-0.1444,0.0532,151,-13,554,35.7615433333,139.814536667,1.61332386141
1565450300356,0.9898,1.8032,9.5158,-0.1368,0.4864,-0.114,151,-13,554,35.7615433333,139.814536667,1.61332386141
1565450300374,0.9898,1.9404,9.555,-0.152,-0.2584,-0.1292,151,-13,554,35.7615433333,139.814536667,1.61332386141
1565450300387,1.0584,1.9012,9.604,-0.0304,-0.0228,0.0456,151,-13,554,35.7615433333,139.814536667,1.61332386141
1565450300409,0.9212,1.8228,9.5746,0.0684,0.1596,-0.2888,151,-13,554,35.7615433333,139.814536667,1.61332386141
1565450300469,0.9702,1.8228,9.5452,0.0304,-0.1596,0.0912,152,-16,550,35.7615433333,139.814536667,1.60171430636
1565450300489,0.9996,1.9012,9.506,0.5472,-0.3344,0.0684,152,-16,550,35.7615433333,139.814536667,1.60171430636
1565450300502,0.9898,1.8522,9.5844,0.304,-0.5016,0.3192,152,-16,550,35.7615433333,139.814536667,1.60171430636
1565450300518,0.9212,1.911,9.6824,-0.038,0.646,-0.1216,156,-8,549,35.7615433333,139.814536667,1.55956084454
1565450300533,0.9702,1.8228,9.7118,0.19,0.152,-0.0228,156,-8,549,35.7615433333,139.814536667,1.55956084454
1565450300550,1.0878,1.8816,9.6236,0.0684,0.0456,0.0912,156,-8,549,35.7615433333,139.814536667,1.55956084454
1565450300564,1.0094,1.8032,9.4668,0.076,0.1748,0.304,156,-8,549,35.7615433333,139.814536667,1.55956084454
1565450300579,0.9604,1.96,9.5354,0.0304,-0.2812,-0.2812,156,-8,549,35.7615433333,139.814536667,1.55956084454
1565450300653,0.9506,1.8522,9.5844,0.1292,-0.0152,0.7144,156,-8,549,35.7615433333,139.814536667,1.48529103312
1565450300671,0.9604,1.862,9.5648,0.1748,0.4712,-0.076,164,-24,545,35.7615433333,139.814536667,1.48529103312
1565450300687,0.9898,1.911,9.6236,-0.0684,0.342,0.2584,164,-24,545,35.7615433333,139.814536667,1.48529103312
1565450300710,1.0192,1.9502,9.653,-0.0304,0.1216,0.0532,164,-24,545,35.7615433333,139.814536667,1.44812767129
1565450300725,1.0192,1.9012,9.5648,0.1368,0.1672,-0.0608,171,7,547,35.7615433333,139.814536667,1.35785797722
1565450300741,0.9996,1.862,9.6432,0.304,-0.038,0.1444,171,7,547,35.7615433333,139.814536667,1.35785797722
1565450300817,1.078,1.8228,9.4962,0.1064,0.0608,-0.0532,171,7,547,35.7615433333,139.814536667,1.55099693423
1565450300832,0.9604,1.8816,9.6432,-0.1368,0.1064,0.5168,157,-20,546,35.7615433333,139.814536667,1.55099693423
1565450300847,0.98,1.9404,9.506,-0.3952,0.0684,0.3192,157,-20,546,35.7615433333,139.814536667,1.55099693423
1565450300863,1.078,1.9698,9.4178,0.0228,0.342,-0.3952,157,-20,546,35.7615433333,139.814536667,1.55099693423
1565450300883,0.9604,1.911,9.5256,0.2052,-0.076,0.4332,157,-20,546,35.7615433333,139.814536667,1.55099693423
1565450300899,0.9898,1.8718,9.4864,0.4484,-0.3116,-0.0532,157,-20,546,35.7615433333,139.814536667,1.55099693423
1565450300920,0.98,1.8424,9.604,-0.2356,0.0912,-0.0836,153,-16,551,35.7615433333,139.814536667,1.59141196242
1565450300967,0.9604,1.8816,9.5746,0.0836,0.3344,-0.0304,153,-16,551,35.7615433333,139.814536667,1.59141196242
1565450300981,0.9898,1.9012,9.6138,0.2584,0.1064,0.608,153,-16,551,35.7615433333,139.814536667,1.59141196242
1565450300995,1.0388,1.8424,9.5452,0.228,-0.4104,-0.1976,153,-16,551,35.7615433333,139.814536667,1.59141196242
1565450301011,0.9898,1.911,9.5746,0.1368,-0.2432,0.3192,153,-2,535,35.7615433333,139.814536667,1.36877117039
1565450301025,1.0486,1.9502,9.5648,0.0532,0.2356,0.3876,172,-2,535,35.7615433333,139.814536667,1.36877117039
1565450301046,1.0584,1.862,9.604,-0.4864,0.0912,-0.19,172,-2,535,35.7615433333,139.814536667,1.36877117039
1565450301059,1.0192,1.8228,9.4864,0.19,-0.1368,-0.608,172,-2,535,35.7615433333,139.814536667,1.36877117039
1565450301106,0.9408,2.009,9.5256,-0.2508,0.0988,0.0684,172,-2,535,35.7615433333,139.814536667,1.44644133225
1565450301121,1.127,1.9208,9.359,0.038,0.4104,-0.646,165,1,541,35.7615433333,139.814536667,1.44644133225
1565450301143,0.8918,1.8228,9.653,-0.2052,-0.19,0.2736,165,1,541,35.7615433333,139.814536667,1.44644133225
1565450301156,1.029,1.862,9.5354,-0.1368,-0.152,0.0076,165,1,541,35.7615433333,139.814536667,1.44644133225
1565450301176,0.9114,1.9012,9.6334,-0.2964,0.1216,0.2432,165,1,541,35.7615433333,139.814536667,1.44644133225
1565450301188,1.0388,1.9208,9.5158,0.2736,0.266,0.4408,165,1,541,35.7615433333,139.814536667,1.44644133225
1565450301202,1.029,1.8718,9.5452,-0.0228,0.0684,0.342,165,1,541,35.7615433333,139.814536667,1.44644133225
1565450301274,0.931,1.9208,9.6236,0.2128,0.6004,-0.1672,156,-12,562,35.7615433333,139.814536667,1.560044053
1565450301287,1.029,1.9208,9.6138,0.4864,-0.228,-0.3648,156,-12,562,35.7615433333,139.814536667,1.560044053
1565450301301,0.9898,1.9698,9.5746,-0.1292,-0.114,0.0608,156,-12,562,35.7615433333,139.814536667,1.560044053
1565450301314,0.9702,1.9012,9.5158,-0.2432,0.1292,0.1292,167,-10,542,35.7615433333,139.814536667,1.43968467831
1565450301328,0.98,1.8718,9.5844,-0.0912,-0.3192,-0.3648,167,-10,542,35.7615433333,139.814536667,1.43968467831
1565450301341,1.0486,1.8914,9.4374,-0.0836,-0.0228,-0.6156,167,-10,542,35.7615433333,139.814536667,1.43968467831
1565450301369,1.0094,1.9894,9.6236,0.2128,-0.0456,-0.1672,167,-10,542,35.7615433333,139.814536667,1.43968467831
1565450301418,0.9604,1.7836,9.653,-0.0304,-0.0836,0.304,167,-10,542,35.7615433333,139.814536667,1.44164903667
1565450301432,0.9898,1.911,9.5648,0.0532,-0.1368,-0.304,165,4,544,35.7615433333,139.814536667,1.44164903667
1565450301445,1.0192,1.7738,9.5844,0.304,0.1064,0.2508,165,4,544,35.7615433333,139.814536667,1.44164903667
1565450301460,1.029,1.9502,9.5158,0.0912,0.076,-0.0456,165,4,544,35.7615433333,139.814536667,1.44164903667
1565450301488,0.9898,1.96,9.6628,-0.114,0.1216,0.304,165,4,544,35.7615433333,139.814536667,1.44164903667
1565450301501,0.9408,1.9698,9.5844,0.0608,0.0076,0.1672,165,4,544,35.7615433333,139.814536667,1.37340076695
1565450301515,0.931,2.0678,9.5746,0.6384,0.0456,0.228,174,-14,548,35.7615433333,139.814536667,1.37340076695
1565450301593,1.0584,1.9208,9.6628,0.2052,0.0912,-0.5092,174,-14,548,35.7615433333,139.814536667,1.37340076695
1565450301606,1.0584,2.009,9.5942,-0.2356,-0.5016,-0.2964,171,-28,553,35.7615433333,139.814536667,1.42504820009
1565450301624,1.029,2.0482,9.555,-0.0532,-0.0228,-0.1596,171,-28,553,35.7615433333,139.814536667,1.42504820009
1565450301640,1.0584,1.9894,9.5844,-0.5244,-0.0456,-0.0684,171,-28,553,35.7615433333,139.814536667,1.42504820009
1565450301656,0.9898,2.009,9.5844,0.0,0.4788,0.4712,171,-28,553,35.7615433333,139.814536667,1.42504820009
1565450301670,0.9996,1.9502,9.6236,-0.3876,-0.1824,0.2736,171,-28,553,35.7615433333,139.814536667,1.42504820009
1565450301688,1.0094,1.9012,9.6236,-0.0152,0.1292,-0.3648,171,-28,553,35.7615433333,139.814536667,1.42504820009
1565450301769,1.0192,1.8522,9.5942,0.0456,-0.152,-0.0076,159,-5,542,35.7615433333,139.814536667,1.52431819544
1565450301783,0.9898,1.8816,9.4668,-0.0304,-0.0912,0.3572,159,-5,542,35.7615433333,139.814536667,1.52431819544
1565450301801,0.9996,1.9404,9.4668,-0.228,0.0456,-0.7068,168,2,555,35.7615433333,139.814536667,1.40770103458
1565450301817,1.0486,1.9796,9.4864,0.1824,0.038,-0.3952,168,2,555,35.7615433333,139.814536667,1.40770103458
1565450301834,0.98,2.0482,9.4472,-0.1748,-0.2736,0.4104,168,2,555,35.7615433333,139.814536667,1.40770103458
1565450301849,0.98,1.9502,9.5746,-0.0988,0.2888,-0.1596,168,2,555,35.7615433333,139.814536667,1.40770103458
1565450301865,0.9898,1.911,9.5158,0.0076,0.1216,0.1292,168,2,555,35.7615433333,139.814536667,1.40770103458
1565450301934,1.0388,1.9796,9.5746,-0.2736,-0.1976,0.6916,168,2,555,35.7615433333,139.814536667,1.52321322352
1565450301950,1.0192,1.96,9.4374,-0.2432,-0.228,0.0152,159,-3,549,35.7615433333,139.814536667,1.52321322352
1565450301964,1.029,1.9796,9.5452,0.1064,0.0912,-0.3192,159,-3,549,35.7615433333,139.814536667,1.52321322352
1565450301978,0.9604,2.009,9.5452,-0.5472,-0.0304,-0.1292,159,-3,549,35.7615433333,139.814536667,1.52321322352
1565450301992,0.9604,1.9208,9.6922,-0.2432,0.7752,-0.228,159,-3,549,35.7615433333,139.814536667,1.52321322352
1565450302011,1.0388,1.9992,9.5648,0.0912,-0.1444,0.4332,162,-5,534,35.7615433333,139.814536667,1.48958002034
1565450302026,0.9408,1.9208,9.4962,0.3724,0.1064,-0.6764,162,-5,534,35.7615433333,139.814536667,1.48958002034
1565450302097,1.078,1.8424,9.653,0.4332,0.0456,0.114,162,-5,534,35.7615433333,139.814536667,1.54807296595
1565450302111,0.9408,1.8718,9.5452,0.2356,-0.0076,0.3496,157,-7,553,35.7615433333,139.814536667,1.54807296595
1565450302128,0.9408,1.9894,9.4962,-0.418,0.1976,-0.4484,157,-7,553,35.7615433333,139.814536667,1.54807296595
1565450302147,0.9996,1.96,9.653,0.4484,-0.2356,0.2584,157,-7,553,35.7615433333,139.814536667,1.54807296595
1565450302165,0.9408,1.9012,9.6628,0.5168,0.076,0.0988,157,-7,553,35.7615433333,139.814536667,1.54807296595
1565450302178,1.0192,1.8816,9.6138,0.5776,-0.5016,-0.3344,157,-7,553,35.7615433333,139.814536667,1.54807296595
1565450302191,0.9898,1.8522,9.6726,0.2128,-0.0912,0.2204,157,-7,553,35.7615433333,139.814536667,1.54807296595
1565450302262,1.0584,1.9306,9.457,0.0076,0.2052,0.1824,164,-14,555,35.7615433333,139.814536667,1.4763413914
1565450302275,1.0192,1.8522,9.457,-0.2204,0.342,0.3952,164,-14,555,35.7615433333,139.814536667,1.4763413914
1565450302289,1.078,1.9404,9.4472,0.152,-0.228,-0.0988,164,-14,555,35.7615433333,139.814536667,1.4763413914
1565450302303,1.0388,1.911,9.5844,0.342,-0.2584,-0.1216,170,-3,547,35.7615433333,139.814536667,1.39408747072
1565450302317,0.931,1.8424,9.5158,0.2812,0.0456,-0.2584,170,-3,547,35.7615433333,139.814536667,1.39408747072
1565450302330,1.029,1.9306,9.5354,0.1596,-0.076,0.0912,170,-3,547,35.7615433333,139.814536667,1.39408747072
1565450302354,1.0486,1.9404,9.5942,-0.1292,0.1748,-0.2964,170,-3,547,35.7615433333,139.814536667,1.39408747072
1565450302422,0.9898,1.7836,9.5354,0.3496,0.2888,-0.152,170,-3,547,35.7615433333,139.814536667,1.53819918168
1565450302435,1.0094,1.9208,9.4962,-0.2356,-0.2128,0.0912,158,-11,544,35.7615433333,139.814536667,1.53819918168
1565450302459,1.0388,2.0972,9.653,-0.0304,0.3648,-0.6308,158,-11,544,35.7615433333,139.814536667,1.53819918168
1565450302471,0.9898,1.9698,9.5158,-0.4104,0.2204,-0.038,158,-11,544,35.7615433333,139.814536667,1.53819918168
1565450302489,1.0878,1.8718,9.4668,-0.1976,-0.0836,0.38,158,-11,544,35.7615433333,139.814536667,1.42246849267
1565450302502,1.029,1.9208,9.3688,-0.5244,-0.0684,0.228,168,-6,546,35.7615433333,139.814536667,1.42246849267
1565450302517,0.9702,1.911,9.6628,-0.1672,0.114,0.3344,168,-6,546,35.7615433333,139.814536667,1.42246849267
1565450302565,1.029,1.9208,9.5256,0.0228,0.0988,-0.1672,168,-6,546,35.7615433333,139.814536667,1.42246849267
1565450302578,0.931,1.6366,9.5942,0.0228,-0.2508,-0.4332,168,-6,546,35.7615433333,139.814536667,1.42246849267
1565450302593,0.98,1.6954,9.4766,0.0304,0.0836,0.1672,160,-4,538,35.7615433333,139.814536667,1.51204050408
1565450302609,0.9604,1.8424,9.653,0.1748,0.5548,0.2052,160,-4,538,35.7615433333,139.814536667,1.51204050408
1565450302624,0.931,1.8032,9.5844,0.7068,0.1748,0.304,160,-4,538,35.7615433333,139.814536667,1.51204050408
1565450302640,0.9996,1.7346,9.4276,0.2584,0.0304,-0.2508,160,-4,538,35.7615433333,139.814536667,1.51204050408
1565450302657,1.0388,1.8326,9.6726,-0.2584,0.076,0.494,160,-4,538,35.7615433333,139.814536667,1.51204050408
1565450302713,0.98,1.9404,9.457,0.0684,0.2432,-0.0532,160,-4,538,35.7615433333,139.814536667,1.50193983749
1565450302729,1.0584,1.764,9.555,0.2812,-0.1672,0.4712,161,-6,545,35.7615433333,139.814536667,1.50193983749
1565450302746,0.9604,2.0384,9.4668,0.456,-0.0076,-0.0684,161,-6,545,35.7615433333,139.814536667,1.50193983749
1565450302760,1.029,2.1266,9.4668,-0.152,0.5168,0.0988,161,-6,545,35.7615433333,139.814536667,1.50193983749
1565450302785,1.0094,1.9012,9.5746,-0.4332,0.114,0.2812,161,-6,545,35.7615433333,139.814536667,1.50193983749
1565450302798,1.0486,1.6562,9.6628,-0.456,0.646,-0.5548,153,1,543,35.7615433333,139.814536667,1.59579112041
1565450302818,1.0192,1.8914,9.506,0.0684,-0.0152,-0.0684,153,1,543,35.7615433333,139.814536667,1.59579112041
1565450302887,1.1172,1.9208,9.4472,-0.0532,-0.1596,-0.342,153,1,543,35.761545,139.814535,1.42042489879
1565450302906,1.0094,1.862,9.5452,-0.0304,0.418,0.114,170,-18,542,35.761545,139.814535,1.42042489879
1565450302922,1.029,1.715,9.5942,0.152,0.1596,-0.0304,170,-18,542,35.761545,139.814535,1.42042489879
1565450302937,0.9506,1.6366,9.702,0.4788,0.2964,-0.5396,170,-18,542,35.761545,139.814535,1.42042489879
1565450302954,1.029,1.9992,9.6138,0.19,0.152,0.4332,170,-18,542,35.761545,139.814535,1.42042489879
1565450302966,0.9604,1.9894,9.6334,-0.1824,0.038,-0.1976,170,-18,542,35.761545,139.814535,1.42042489879
1565450302983,0.9604,1.862,9.4374,0.0152,-0.076,-0.114,170,-18,542,35.761545,139.814535,1.42042489879
1565450303049,0.8722,1.8326,9.5746,-0.456,0.6004,0.2508,158,-18,559,35.761545,139.814535,1.54050256688
1565450303063,0.9898,1.8326,9.6138,0.076,-0.0532,-0.5168,158,-18,559,35.761545,139.814535,1.54050256688
1565450303078,1.0192,1.7542,9.5354,0.1824,0.0912,0.3724,158,-18,559,35.761545,139.814535,1.54050256688
1565450303094,0.98,1.7444,9.5158,-0.2128,0.1444,0.0228,160,6,551,35.761545,139.814535,1.50422816302
1565450303117,0.9898,1.7346,9.4962,0.3116,0.2508,0.4332,160,6,551,35.761545,139.814535,1.50422816302
1565450303138,0.9996,1.8032,9.4864,0.0532,-0.0836,0.1064,160,6,551,35.761545,139.814535,1.50422816302
1565450303196,1.0682,2.1168,9.4668,0.0,0.2964,0.4028,160,6,551,35.761545,139.814535,1.66625004113
1565450303210,1.0976,1.7738,9.604,0.076,0.1672,0.228,146,-13,552,35.761545,139.814535,1.66625004113
1565450303229,1.0976,1.8816,9.5746,0.5016,0.3496,-0.5396,146,-13,552,35.761545,139.814535,1.66625004113
1565450303242,1.0192,2.0678,9.506,0.0304,0.0076,0.4636,146,-13,552,35.761545,139.814535,1.66625004113
1565450303263,0.9702,2.1266,9.5942,-0.152,-0.3572,0.038,146,-13,552,35.761545,139.814535,1.66625004113
1565450303279,0.98,1.9404,9.5746,-0.1368,-0.152,-0.114,146,-13,552,35.761545,139.814535,1.66625004113
1565450303292,1.0192,1.8718,9.506,-0.4028,-0.418,0.1064,151,-18,552,35.761545,139.814535,1.61117840236
1565450303364,0.9212,1.7738,9.5158,0.1064,-0.304,0.228,151,-18,552,35.761545,139.814535,1.61117840236
1565450303378,0.9408,1.9208,9.5158,-0.418,-0.114,0.5244,151,-18,552,35.761545,139.814535,1.6167409826
1565450303392,0.9898,1.715,9.6726,-0.152,-0.2432,0.2736,153,-6,546,35.761545,139.814535,1.59378078424
1565450303408,0.9702,1.7052,9.4962,-0.19,0.0,0.2356,153,-6,546,35.761545,139.814535,1.59378078424
1565450303421,1.1172,1.9208,9.5452,-0.4636,-0.2356,0.038,153,-6,546,35.761545,139.814535,1.59378078424
1565450303435,1.0094,1.9404,9.653,-0.1368,0.0608,-0.3724,153,-6,546,35.761545,139.814535,1.59378078424
1565450303464,0.9212,2.0776,9.4962,-0.3116,0.1216,-0.456,153,-6,546,35.761545,139.814535,1.59378078424
1565450303527,0.9016,1.7542,9.6334,0.1672,0.5016,-0.0684,153,-6,546,35.761545,139.814535,1.58178489548
1565450303541,0.9702,1.911,9.7216,-0.0988,-0.1748,0.0304,154,-10,547,35.761545,139.814535,1.58178489548
1565450303559,0.9212,1.9796,9.5648,-0.0228,0.342,0.0228,154,-10,547,35.761545,139.814535,1.58178489548
1565450303577,0.98,1.8032,9.5452,0.2508,-0.266,0.6384,154,-10,547,35.761545,139.814535,1.33893166595
1565450303593,0.9408,1.7738,9.653,-0.3268,0.1368,0.0456,172,9,541,35.761545,139.814535,1.33893166595
1565450303608,0.9114,1.6268,9.5452,0.0684,0.0,0.3724,172,9,541,35.761545,139.814535,1.33893166595
1565450303625,1.0584,1.6758,9.5746,0.5396,0.1292,0.0,172,9,541,35.761545,139.814535,1.33893166595
1565450303705,0.882,1.8914,9.604,-0.1672,-0.0988,0.4028,172,9,541,35.761545,139.814535,1.48310967167
1565450303720,0.98,1.764,9.604,-0.0836,0.1748,-0.038,163,-10,546,35.761545,139.814535,1.48310967167
1565450303734,0.9506,1.8326,9.6922,-0.2052,0.228,-0.0836,163,-10,546,35.761545,139.814535,1.48310967167
1565450303751,0.9506,1.8032,9.457,-0.3724,-0.304,0.3192,163,-10,546,35.761545,139.814535,1.48310967167
1565450303769,1.0976,1.8424,9.5354,0.19,0.076,0.0532,163,-10,546,35.761545,139.814535,1.48310967167
1565450303789,0.9898,1.862,9.5648,-0.4104,0.0,0.5776,155,-6,541,35.761545,139.814535,1.57079632679
1565450303805,0.9506,1.9208,9.4962,0.1444,-0.2964,-0.3572,155,-6,541,35.761545,139.814535,1.57079632679
1565450303873,1.0976,1.7444,9.5844,0.1748,0.1444,0.0228,155,-6,541,35.761545,139.814535,1.45136740078
1565450303890,1.0388,1.8228,9.5648,0.5852,0.2052,0.3572,164,6,557,35.761545,139.814535,1.45136740078
1565450303906,1.0192,1.7738,9.3884,0.0608,-0.2508,0.3192,164,6,557,35.761545,139.814535,1.45136740078
1565450303921,0.9114,1.8914,9.6432,-0.4104,-0.2204,0.0684,164,6,557,35.761545,139.814535,1.45136740078
1565450303939,0.9702,1.862,9.555,-0.2888,0.0912,-0.0912,164,6,557,35.761545,139.814535,1.45136740078
1565450303955,0.9408,1.8228,9.604,0.4636,0.0152,-0.0456,164,6,557,35.761545,139.814535,1.45136740078
1565450303969,1.0976,1.8816,9.6432,0.152,-0.228,-0.2128,164,6,557,35.761545,139.814535,1.45136740078
1565450304049,1.0584,1.8326,9.5158,-0.0684,-0.0836,0.342,158,-20,563,35.761545,139.814535,1.54110208719
1565450304063,0.9506,1.8718,9.5256,0.4408,-0.342,0.4408,158,-20,563,35.761545,139.814535,1.54110208719
1565450304078,1.078,1.813,9.653,0.1976,-0.1824,-0.3648,153,-9,544,35.761545,139.814535,1.59301489212
1565450304093,0.9604,1.8522,9.5648,-0.2052,-0.1064,0.2052,153,-9,544,35.761545,139.814535,1.59301489212
1565450304111,0.98,1.9208,9.4766,0.1064,-0.152,-0.1596,153,-9,544,35.761545,139.814535,1.59301489212
1565450304126,1.0094,1.8424,9.5942,0.0608,-0.1672,0.5472,153,-9,544,35.761545,139.814535,1.59301489212
1565450304145,1.0682,1.9502,9.5354,-0.19,-0.1976,0.4256,153,-9,544,35.761545,139.814535,1.59301489212
1565450304187,0.9996,1.9502,9.6432,-0.0912,0.0,-0.2812,153,-9,544,35.761545,139.814535,1.48013643959
1565450304200,0.9996,1.8032,9.6334,0.1596,-0.1216,0.456,162,4,559,35.761545,139.814535,1.48013643959
1565450304220,0.9604,1.8522,9.5256,-0.4788,-0.1672,0.2356,162,4,559,35.761545,139.814535,1.48013643959
1565450304232,0.9506,1.911,9.555,-0.5624,0.038,-0.3572,162,4,559,35.761545,139.814535,1.48013643959
1565450304247,0.9408,1.7542,9.555,0.1216,-0.0304,-0.3952,162,4,559,35.761545,139.814535,1.48013643959
1565450304264,0.9702,1.813,9.6628,0.2964,0.304,0.494,162,4,559,35.761545,139.814535,1.48013643959
1565450304280,1.0388,1.862,9.702,0.2812,0.304,-0.2964,160,-7,546,35.761545,139.814535,1.51403916897
1565450304316,0.9898,1.8816,9.6236,0.1368,0.2508,0.3648,160,-7,546,35.761545,139.814535,1.51403916897
1565450304341,0.931,1.9208,9.5256,-0.3648,0.038,0.4408,160,-7,546,35.761545,139.814535,1.51403916897
1565450304356,1.0192,1.9012,9.5256,-0.2204,0.1824,-0.1064,160,-7,546,35.761545,139.814535,1.51403916897
1565450304370,0.9604,1.8816,9.5256,0.4864,0.0,0.0076,160,-17,550,35.761545,139.814535,1.41891386941
1565450304383,1.0584,1.8424,9.5452,-0.0532,0.0304,-0.076,170,-17,550,35.761545,139.814535,1.41891386941
1565450304396,0.98,1.9404,9.604,0.076,0.2052,-0.0456,170,-17,550,35.761545,139.814535,1.41891386941
1565450304411,0.9408,1.8424,9.653,-0.1216,0.2812,0.3572,170,-17,550,35.761545,139.814535,1.41891386941
1565450304484,0.9898,1.8424,9.5256,0.3268,0.2128,0.228,170,-17,550,35.761545,139.814535,1.49230622416
1565450304497,0.8918,1.8326,9.6824,-0.1368,-0.266,0.4712,162,-8,553,35.761545,139.814535,1.49230622416
1565450304512,0.9506,1.8914,9.4864,0.1064,-0.2432,-0.3648,162,-8,553,35.761545,139.814535,1.49230622416
1565450304526,1.029,1.7738,9.6824,0.114,0.2812,0.0532,162,-8,553,35.761545,139.814535,1.49230622416
1565450304540,0.98,1.813,9.5648,-0.1368,-0.2356,-0.3116,162,-8,553,35.761545,139.814535,1.49230622416
1565450304561,1.0192,1.7444,9.5942,-0.2736,-0.2432,0.456,162,-8,553,35.761545,139.814535,1.49230622416
1565450304574,0.9898,1.8228,9.6138,0.38,-0.0608,-0.3116,159,-6,545,35.761545,139.814535,1.52485167099
1565450304641,0.9996,1.862,9.5256,-0.2052,-0.266,0.4104,159,-6,545,35.761545,139.814535,1.52485167099
1565450304659,0.9408,1.911,9.6432,0.3496,-0.1444,0.9576,159,-6,545,35.761545,139.814535,1.52485167099
1565450304675,0.931,1.7934,9.6628,-0.2432,-0.3116,0.0684,160,-3,561,35.761545,139.814535,1.51134266749
1565450304690,0.9506,1.862,9.5844,0.0152,0.114,0.4408,160,-3,561,35.761545,139.814535,1.51134266749
1565450304707,0.9898,1.8914,9.5256,-0.0456,-0.2128,0.228,160,-3,561,35.761545,139.814535,1.51134266749
1565450304723,0.98,1.8914,9.457,0.038,-0.0228,-0.3192,160,-3,561,35.761545,139.814535,1.51134266749
1565450304739,0.9408,1.7444,9.408,-0.3572,0.0608,0.0456,160,-3,561,35.761545,139.814535,1.51134266749
1565450304823,0.9898,1.813,9.653,0.1064,0.0,0.114,160,-3,561,35.761545,139.814535,1.41978098387
1565450304838,1.0094,1.8326,9.5648,0.3496,-0.4408,-0.2356,169,-11,552,35.761545,139.814535,1.41978098387
1565450304852,1.127,1.9208,9.6432,0.3116,0.0684,-0.2052,169,-11,552,35.761545,139.814535,1.41978098387
1565450304866,0.9702,1.9796,9.5452,0.3192,-0.0988,-0.1824,171,-13,549,35.761545,139.814535,1.40219938719
1565450304884,1.0192,2.0188,9.6432,0.2584,0.3648,-0.8056,171,-13,549,35.761545,139.814535,1.40219938719
1565450304900,0.882,1.8522,9.604,-0.3952,0.0608,-0.266,171,-13,549,35.761545,139.814535,1.40219938719
1565450304915,0.9408,1.7738,9.5256,-0.456,0.304,-0.456,171,-13,549,35.761545,139.814535,1.40219938719
1565450304987,0.9996,1.9894,9.604,0.038,-0.4028,-0.4408,171,-13,549,35.761545,139.814535,1.57079632679
1565450305003,0.9996,1.96,9.6922,0.3952,-0.2508,-0.3724,155,-4,552,35.761545,139.814535,1.57079632679
1565450305019,0.9506,1.8522,9.5746,-0.2052,0.1216,0.684,155,-4,552,35.761545,139.814535,1.57079632679
1565450305035,1.029,1.8522,9.5746,-0.3952,-0.3268,0.2356,155,-4,552,35.761545,139.814535,1.57079632679
1565450305051,0.9604,1.8424,9.6432,-0.1368,-0.1216,-0.8284,155,-4,552,35.761545,139.814535,1.57079632679
1565450305067,1.0094,1.96,9.5256,-0.38,0.114,-0.114,172,-9,546,35.761545,139.814535,1.38410699598
1565450305082,0.9408,1.8816,9.4962,0.0304,-0.418,0.5016,172,-9,546,35.761545,139.814535,1.38410699598
1565450305158,0.98,1.7738,9.5648,0.3724,-0.1748,-0.456,172,-9,546,35.761545,139.814535,1.52264081373
1565450305172,0.931,1.7346,9.4178,-0.2812,-0.0304,0.2964,159,-2,549,35.761545,139.814535,1.52264081373
1565450305186,0.9898,1.7346,9.5354,0.2432,-0.0684,-0.0988,159,-2,549,35.761545,139.814535,1.52264081373
1565450305199,0.98,1.9796,9.5256,0.798,-0.3344,0.0228,159,-2,549,35.761545,139.814535,1.52264081373
1565450305220,1.0878,1.8816,9.457,0.38,0.0,-0.3648,159,-2,549,35.761545,139.814535,1.52264081373
1565450305232,0.8918,1.9306,9.653,0.418,0.1368,-0.3496,159,-2,549,35.761545,139.814535,1.52264081373
1565450305248,1.1466,1.9698,9.5158,0.038,-0.0684,0.1596,159,-2,549,35.761545,139.814535,1.52264081373
1565450305312,1.0192,1.8032,9.5452,-0.2508,0.0912,-0.0912,167,4,556,35.761545,139.814535,1.41619578136
1565450305331,1.0976,1.8816,9.6824,-0.0836,-0.0912,-0.2204,167,4,556,35.761545,139.814535,1.41619578136
1565450305348,1.0584,1.8522,9.5158,-0.038,-0.2128,0.836,167,4,556,35.761545,139.814535,1.41619578136
1565450305360,0.882,1.862,9.5746,-0.6156,-0.1444,0.2888,157,-7,555,35.761545,139.814535,1.54807296595
1565450305378,1.0094,1.9894,9.5158,0.076,-0.2812,0.1216,157,-7,555,35.761545,139.814535,1.54807296595
1565450305390,1.029,1.9992,9.6236,-0.1292,-0.2888,-0.1444,157,-7,555,35.761545,139.814535,1.54807296595
1565450305404,1.0388,1.9502,9.5158,-0.1368,0.0988,-0.2052,157,-7,555,35.761545,139.814535,1.54807296595
1565450305472,1.0584,1.7346,9.5844,-0.0152,0.1596,0.3648,157,-7,555,35.761545,139.814535,1.51529782155
1565450305486,0.9898,1.8914,9.6334,-0.3952,0.1216,0.1064,159,9,554,35.761545,139.814535,1.51529782155
1565450305500,1.1466,1.8914,9.555,0.2812,0.0228,-0.0684,159,9,554,35.761545,139.814535,1.51529782155
1565450305514,0.98,1.8228,9.6824,-0.1596,-0.1216,-0.114,159,9,554,35.761545,139.814535,1.51529782155
1565450305529,0.9996,2.0482,9.5746,-0.0304,-0.038,-0.152,159,9,554,35.761545,139.814535,1.51529782155
1565450305546,0.931,1.9698,9.5942,-0.6232,-0.3496,-0.57,159,9,554,35.761545,139.814535,1.51529782155
1565450305565,1.0976,1.911,9.506,-0.0304,0.2128,0.1976,156,5,549,35.761545,139.814535,1.55763919132
1565450305641,0.9114,1.8228,9.653,0.0988,-0.1064,0.0988,156,5,549,35.761545,139.814535,1.55763919132
1565450305657,1.0094,1.9698,9.6334,-0.0076,-0.1292,-0.7904,188,-1,552,35.761545,139.814535,1.36637512142
1565450305673,1.0388,1.862,9.5648,0.4028,0.0076,0.0988,172,-1,552,35.761545,139.814535,1.36637512142
1565450305690,1.0486,1.862,9.5452,-0.038,-0.4256,-0.342,172,-1,552,35.761545,139.814535,1.36637512142
1565450305708,0.9212,1.8228,9.6432,0.0152,-0.0912,0.1976,172,-1,552,35.761545,139.814535,1.36637512142
1565450305724,1.0094,1.9012,9.5942,-0.1368,-0.1216,-0.304,172,-1,552,35.761545,139.814535,1.36637512142
1565450305740,1.0976,1.8914,9.4962,0.0988,-0.1672,0.4788,172,-1,552,35.761545,139.814535,1.36637512142
1565450305802,0.9996,1.862,9.6236,0.0,0.2204,-0.2356,175,-5,538,35.761545,139.814535,1.3422996875
1565450305815,0.9016,1.7836,9.5648,-0.1064,-0.1444,0.1976,175,-5,538,35.761545,139.814535,1.3422996875
1565450305831,0.9016,1.813,9.3982,-0.4408,-0.418,0.038,175,-5,538,35.761545,139.814535,1.3422996875
1565450305848,1.2446,1.0388,9.6922,0.266,-0.1064,0.0532,175,-5,538,35.761545,139.814535,1.3422996875
1565450305863,1.4602,1.9208,9.4766,0.1976,0.874,-0.342,148,-31,544,35.761545,139.814535,1.63321513679
